Workbook

Sheet Sheet1
B3: Result
B4: Sample ID | C4: Al | D4: Pb | E4: Cd | F4: As | G4: Hg | I4: Rec. Al % | J4: Rec. Pb % | K4: Rec. Cd % | L4: Rec. As % | M4: Rec Hg %
C5: mg/kg | D5: mg/kg | E5: mg/kg | F5: mg/kg | G5: mg/kg | I5: =10*(Sheet2!M16/Sheet2!Q19)*100 -> 0 | J5: =10*(Sheet2!N16/Sheet2!$M$19)*100 -> 0 | K5: =10*(Sheet2!O16/Sheet2!$M$19)*100 -> 0 | L5: =10*(Sheet2!P16/Sheet2!$M$19)*100 -> 0 | M5: =10*(Sheet2!Q16/Sheet2!$M$19)*100 -> 0
B6: =TableData[[#This Row],[ID SAMPLE]] -> ID SAMPLE | C6: =IF(((TableData[[#This Row],[Al]] - TableData[[#This Row],[Weight]]) * TableData[[#This Row],[Volume]] * TableData[[#This Row],[dF]] / (TableData[[#This Row],[Weight]]* 1000)) < 0, "0.00", (TableData[[#This Row],[Al]] - Sheet2!$M$14) * TableData[[#This Row],[Volume]] * TableData[[#This Row],[dF]] / (TableData[[#This Row],[Weight]] * 1000) ) -> #DIV/0! | D6: =IF(((TableData[[#This Row],[Pb]] - TableData[[#This Row],[Weight]]) * TableData[[#This Row],[Volume]] * TableData[[#This Row],[dF]] / (TableData[[#This Row],[Weight]]* 1000)) < 0, "0.00", (TableData[[#This Row],[Pb]] - Sheet2!$N$14) * TableData[[#This Row],[Volume]] * TableData[[#This Row],[dF]] / (TableData[[#This Row],[Weight]] * 1000) ) -> #DIV/0! | E6: =IF(((TableData[[#This Row],[Cd]] - TableData[[#This Row],[Weight]]) * TableData[[#This Row],[Volume]] * TableData[[#This Row],[dF]] / (TableData[[#This Row],[Weight]]* 1000)) < 0, "0.00", (TableData[[#This Row],[Cd]] - Sheet2!$O$14) * TableData[[#This Row],[Volume]] * TableData[[#This Row],[dF]] / (TableData[[#This Row],[Weight]] * 1000) ) -> #DIV/0! | F6: =IF(((TableData[[#This Row],[As]] - TableData[[#This Row],[Weight]]) * TableData[[#This Row],[Volume]] * TableData[[#This Row],[dF]] / (TableData[[#This Row],[Weight]]* 1000)) < 0, "0.00", (TableData[[#This Row],[As]] - Sheet2!$P$14) * TableData[[#This Row],[Volume]] * TableData[[#This Row],[dF]] / (TableData[[#This Row],[Weight]] * 1000) ) -> #DIV/0! | G6: =IF(((TableData[[#This Row],[Hg]] - TableData[[#This Row],[Weight]]) * TableData[[#This Row],[Volume]] * TableData[[#This Row],[dF]] / (TableData[[#This Row],[Weight]]* 1000)) < 0, "0.00", (TableData[[#This Row],[Hg]] - Sheet2!$Q$14) * TableData[[#This Row],[Volume]] * TableData[[#This Row],[dF]] / (TableData[[#This Row],[Weight]] * 1000)) -> #DIV/0! | I6: =(Sheet2!M$16/Sheet2!$Q$19)*100 -> 0 | J6: =(Sheet2!N$16/Sheet2!$M$19)*10 -> 0 | K6: =(Sheet2!O$16/Sheet2!$M$19)*10 -> 0 | L6: =(Sheet2!P$16/Sheet2!$M$19)*10 -> 0 | M6: =(Sheet2!Q$16/Sheet2!$M$19)*10 -> 0
B7: =TableData[[#This Row],[ID SAMPLE]] -> ID SAMPLE | C7: =IF(((TableData[[#This Row],[Al]] - TableData[[#This Row],[Weight]]) * TableData[[#This Row],[Volume]] * TableData[[#This Row],[dF]] / (TableData[[#This Row],[Weight]]* 1000)) < 0, "0.00", (TableData[[#This Row],[Al]] - Sheet2!$M$14) * TableData[[#This Row],[Volume]] * TableData[[#This Row],[dF]] / (TableData[[#This Row],[Weight]] * 1000) ) -> #DIV/0! | D7: =IF(((TableData[[#This Row],[Pb]] - TableData[[#This Row],[Weight]]) * TableData[[#This Row],[Volume]] * TableData[[#This Row],[dF]] / (TableData[[#This Row],[Weight]]* 1000)) < 0, "0.00", (TableData[[#This Row],[Pb]] - Sheet2!$N$14) * TableData[[#This Row],[Volume]] * TableData[[#This Row],[dF]] / (TableData[[#This Row],[Weight]] * 1000) ) -> #DIV/0! | E7: =IF(((TableData[[#This Row],[Cd]] - TableData[[#This Row],[Weight]]) * TableData[[#This Row],[Volume]] * TableData[[#This Row],[dF]] / (TableData[[#This Row],[Weight]]* 1000)) < 0, "0.00", (TableData[[#This Row],[Cd]] - Sheet2!$O$14) * TableData[[#This Row],[Volume]] * TableData[[#This Row],[dF]] / (TableData[[#This Row],[Weight]] * 1000) ) -> #DIV/0! | F7: =IF(((TableData[[#This Row],[As]] - TableData[[#This Row],[Weight]]) * TableData[[#This Row],[Volume]] * TableData[[#This Row],[dF]] / (TableData[[#This Row],[Weight]]* 1000)) < 0, "0.00", (TableData[[#This Row],[As]] - Sheet2!$P$14) * TableData[[#This Row],[Volume]] * TableData[[#This Row],[dF]] / (TableData[[#This Row],[Weight]] * 1000) ) -> #DIV/0! | G7: =IF(((TableData[[#This Row],[Hg]] - TableData[[#This Row],[Weight]]) * TableData[[#This Row],[Volume]] * TableData[[#This Row],[dF]] / (TableData[[#This Row],[Weight]]* 1000)) < 0, "0.00", (TableData[[#This Row],[Hg]] - Sheet2!$Q$14) * TableData[[#This Row],[Volume]] * TableData[[#This Row],[dF]] / (TableData[[#This Row],[Weight]] * 1000)) -> #DIV/0!
B8: =TableData[[#This Row],[ID SAMPLE]] -> ID SAMPLE | C8: =IF(((TableData[[#This Row],[Al]] - TableData[[#This Row],[Weight]]) * TableData[[#This Row],[Volume]] * TableData[[#This Row],[dF]] / (TableData[[#This Row],[Weight]]* 1000)) < 0, "0.00", (TableData[[#This Row],[Al]] - Sheet2!$M$14) * TableData[[#This Row],[Volume]] * TableData[[#This Row],[dF]] / (TableData[[#This Row],[Weight]] * 1000) ) -> #DIV/0! | D8: =IF(((TableData[[#This Row],[Pb]] - TableData[[#This Row],[Weight]]) * TableData[[#This Row],[Volume]] * TableData[[#This Row],[dF]] / (TableData[[#This Row],[Weight]]* 1000)) < 0, "0.00", (TableData[[#This Row],[Pb]] - Sheet2!$N$14) * TableData[[#This Row],[Volume]] * TableData[[#This Row],[dF]] / (TableData[[#This Row],[Weight]] * 1000) ) -> #DIV/0! | E8: =IF(((TableData[[#This Row],[Cd]] - TableData[[#This Row],[Weight]]) * TableData[[#This Row],[Volume]] * TableData[[#This Row],[dF]] / (TableData[[#This Row],[Weight]]* 1000)) < 0, "0.00", (TableData[[#This Row],[Cd]] - Sheet2!$O$14) * TableData[[#This Row],[Volume]] * TableData[[#This Row],[dF]] / (TableData[[#This Row],[Weight]] * 1000) ) -> #DIV/0! | F8: =IF(((TableData[[#This Row],[As]] - TableData[[#This Row],[Weight]]) * TableData[[#This Row],[Volume]] * TableData[[#This Row],[dF]] / (TableData[[#This Row],[Weight]]* 1000)) < 0, "0.00", (TableData[[#This Row],[As]] - Sheet2!$P$14) * TableData[[#This Row],[Volume]] * TableData[[#This Row],[dF]] / (TableData[[#This Row],[Weight]] * 1000) ) -> #DIV/0! | G8: =IF(((TableData[[#This Row],[Hg]] - TableData[[#This Row],[Weight]]) * TableData[[#This Row],[Volume]] * TableData[[#This Row],[dF]] / (TableData[[#This Row],[Weight]]* 1000)) < 0, "0.00", (TableData[[#This Row],[Hg]] - Sheet2!$Q$14) * TableData[[#This Row],[Volume]] * TableData[[#This Row],[dF]] / (TableData[[#This Row],[Weight]] * 1000)) -> #DIV/0!
B9: =TableData[[#This Row],[ID SAMPLE]] -> ID SAMPLE | C9: =IF(((TableData[[#This Row],[Al]] - TableData[[#This Row],[Weight]]) * TableData[[#This Row],[Volume]] * TableData[[#This Row],[dF]] / (TableData[[#This Row],[Weight]]* 1000)) < 0, "0.00", (TableData[[#This Row],[Al]] - Sheet2!$M$14) * TableData[[#This Row],[Volume]] * TableData[[#This Row],[dF]] / (TableData[[#This Row],[Weight]] * 1000) ) -> #DIV/0! | D9: =IF(((TableData[[#This Row],[Pb]] - TableData[[#This Row],[Weight]]) * TableData[[#This Row],[Volume]] * TableData[[#This Row],[dF]] / (TableData[[#This Row],[Weight]]* 1000)) < 0, "0.00", (TableData[[#This Row],[Pb]] - Sheet2!$N$14) * TableData[[#This Row],[Volume]] * TableData[[#This Row],[dF]] / (TableData[[#This Row],[Weight]] * 1000) ) -> #DIV/0! | E9: =IF(((TableData[[#This Row],[Cd]] - TableData[[#This Row],[Weight]]) * TableData[[#This Row],[Volume]] * TableData[[#This Row],[dF]] / (TableData[[#This Row],[Weight]]* 1000)) < 0, "0.00", (TableData[[#This Row],[Cd]] - Sheet2!$O$14) * TableData[[#This Row],[Volume]] * TableData[[#This Row],[dF]] / (TableData[[#This Row],[Weight]] * 1000) ) -> #DIV/0! | F9: =IF(((TableData[[#This Row],[As]] - TableData[[#This Row],[Weight]]) * TableData[[#This Row],[Volume]] * TableData[[#This Row],[dF]] / (TableData[[#This Row],[Weight]]* 1000)) < 0, "0.00", (TableData[[#This Row],[As]] - Sheet2!$P$14) * TableData[[#This Row],[Volume]] * TableData[[#This Row],[dF]] / (TableData[[#This Row],[Weight]] * 1000) ) -> #DIV/0! | G9: =IF(((TableData[[#This Row],[Hg]] - TableData[[#This Row],[Weight]]) * TableData[[#This Row],[Volume]] * TableData[[#This Row],[dF]] / (TableData[[#This Row],[Weight]]* 1000)) < 0, "0.00", (TableData[[#This Row],[Hg]] - Sheet2!$Q$14) * TableData[[#This Row],[Volume]] * TableData[[#This Row],[dF]] / (TableData[[#This Row],[Weight]] * 1000)) -> #DIV/0!
B10: =TableData[[#This Row],[ID SAMPLE]] -> ID SAMPLE | C10: =IF(((TableData[[#This Row],[Al]] - TableData[[#This Row],[Weight]]) * TableData[[#This Row],[Volume]] * TableData[[#This Row],[dF]] / (TableData[[#This Row],[Weight]]* 1000)) < 0, "0.00", (TableData[[#This Row],[Al]] - Sheet2!$M$14) * TableData[[#This Row],[Volume]] * TableData[[#This Row],[dF]] / (TableData[[#This Row],[Weight]] * 1000) ) -> #DIV/0! | D10: =IF(((TableData[[#This Row],[Pb]] - TableData[[#This Row],[Weight]]) * TableData[[#This Row],[Volume]] * TableData[[#This Row],[dF]] / (TableData[[#This Row],[Weight]]* 1000)) < 0, "0.00", (TableData[[#This Row],[Pb]] - Sheet2!$N$14) * TableData[[#This Row],[Volume]] * TableData[[#This Row],[dF]] / (TableData[[#This Row],[Weight]] * 1000) ) -> #DIV/0! | E10: =IF(((TableData[[#This Row],[Cd]] - TableData[[#This Row],[Weight]]) * TableData[[#This Row],[Volume]] * TableData[[#This Row],[dF]] / (TableData[[#This Row],[Weight]]* 1000)) < 0, "0.00", (TableData[[#This Row],[Cd]] - Sheet2!$O$14) * TableData[[#This Row],[Volume]] * TableData[[#This Row],[dF]] / (TableData[[#This Row],[Weight]] * 1000) ) -> #DIV/0! | F10: =IF(((TableData[[#This Row],[As]] - TableData[[#This Row],[Weight]]) * TableData[[#This Row],[Volume]] * TableData[[#This Row],[dF]] / (TableData[[#This Row],[Weight]]* 1000)) < 0, "0.00", (TableData[[#This Row],[As]] - Sheet2!$P$14) * TableData[[#This Row],[Volume]] * TableData[[#This Row],[dF]] / (TableData[[#This Row],[Weight]] * 1000) ) -> #DIV/0! | G10: =IF(((TableData[[#This Row],[Hg]] - TableData[[#This Row],[Weight]]) * TableData[[#This Row],[Volume]] * TableData[[#This Row],[dF]] / (TableData[[#This Row],[Weight]]* 1000)) < 0, "0.00", (TableData[[#This Row],[Hg]] - Sheet2!$Q$14) * TableData[[#This Row],[Volume]] * TableData[[#This Row],[dF]] / (TableData[[#This Row],[Weight]] * 1000)) -> #DIV/0!
B11: =TableData[[#This Row],[ID SAMPLE]] -> ID SAMPLE | C11: =IF(((TableData[[#This Row],[Al]] - TableData[[#This Row],[Weight]]) * TableData[[#This Row],[Volume]] * TableData[[#This Row],[dF]] / (TableData[[#This Row],[Weight]]* 1000)) < 0, "0.00", (TableData[[#This Row],[Al]] - Sheet2!$M$14) * TableData[[#This Row],[Volume]] * TableData[[#This Row],[dF]] / (TableData[[#This Row],[Weight]] * 1000) ) -> #DIV/0! | D11: =IF(((TableData[[#This Row],[Pb]] - TableData[[#This Row],[Weight]]) * TableData[[#This Row],[Volume]] * TableData[[#This Row],[dF]] / (TableData[[#This Row],[Weight]]* 1000)) < 0, "0.00", (TableData[[#This Row],[Pb]] - Sheet2!$N$14) * TableData[[#This Row],[Volume]] * TableData[[#This Row],[dF]] / (TableData[[#This Row],[Weight]] * 1000) ) -> #DIV/0! | E11: =IF(((TableData[[#This Row],[Cd]] - TableData[[#This Row],[Weight]]) * TableData[[#This Row],[Volume]] * TableData[[#This Row],[dF]] / (TableData[[#This Row],[Weight]]* 1000)) < 0, "0.00", (TableData[[#This Row],[Cd]] - Sheet2!$O$14) * TableData[[#This Row],[Volume]] * TableData[[#This Row],[dF]] / (TableData[[#This Row],[Weight]] * 1000) ) -> #DIV/0! | F11: =IF(((TableData[[#This Row],[As]] - TableData[[#This Row],[Weight]]) * TableData[[#This Row],[Volume]] * TableData[[#This Row],[dF]] / (TableData[[#This Row],[Weight]]* 1000)) < 0, "0.00", (TableData[[#This Row],[As]] - Sheet2!$P$14) * TableData[[#This Row],[Volume]] * TableData[[#This Row],[dF]] / (TableData[[#This Row],[Weight]] * 1000) ) -> #DIV/0! | G11: =IF(((TableData[[#This Row],[Hg]] - TableData[[#This Row],[Weight]]) * TableData[[#This Row],[Volume]] * TableData[[#This Row],[dF]] / (TableData[[#This Row],[Weight]]* 1000)) < 0, "0.00", (TableData[[#This Row],[Hg]] - Sheet2!$Q$14) * TableData[[#This Row],[Volume]] * TableData[[#This Row],[dF]] / (TableData[[#This Row],[Weight]] * 1000)) -> #DIV/0! | I11: QC CRITERIA CHECK
B12: =TableData[[#This Row],[ID SAMPLE]] -> ID SAMPLE | C12: =IF(((TableData[[#This Row],[Al]] - TableData[[#This Row],[Weight]]) * TableData[[#This Row],[Volume]] * TableData[[#This Row],[dF]] / (TableData[[#This Row],[Weight]]* 1000)) < 0, "0.00", (TableData[[#This Row],[Al]] - Sheet2!$M$14) * TableData[[#This Row],[Volume]] * TableData[[#This Row],[dF]] / (TableData[[#This Row],[Weight]] * 1000) ) -> #DIV/0! | D12: =IF(((TableData[[#This Row],[Pb]] - TableData[[#This Row],[Weight]]) * TableData[[#This Row],[Volume]] * TableData[[#This Row],[dF]] / (TableData[[#This Row],[Weight]]* 1000)) < 0, "0.00", (TableData[[#This Row],[Pb]] - Sheet2!$N$14) * TableData[[#This Row],[Volume]] * TableData[[#This Row],[dF]] / (TableData[[#This Row],[Weight]] * 1000) ) -> #DIV/0! | E12: =IF(((TableData[[#This Row],[Cd]] - TableData[[#This Row],[Weight]]) * TableData[[#This Row],[Volume]] * TableData[[#This Row],[dF]] / (TableData[[#This Row],[Weight]]* 1000)) < 0, "0.00", (TableData[[#This Row],[Cd]] - Sheet2!$O$14) * TableData[[#This Row],[Volume]] * TableData[[#This Row],[dF]] / (TableData[[#This Row],[Weight]] * 1000) ) -> #DIV/0! | F12: =IF(((TableData[[#This Row],[As]] - TableData[[#This Row],[Weight]]) * TableData[[#This Row],[Volume]] * TableData[[#This Row],[dF]] / (TableData[[#This Row],[Weight]]* 1000)) < 0, "0.00", (TableData[[#This Row],[As]] - Sheet2!$P$14) * TableData[[#This Row],[Volume]] * TableData[[#This Row],[dF]] / (TableData[[#This Row],[Weight]] * 1000) ) -> #DIV/0! | G12: =IF(((TableData[[#This Row],[Hg]] - TableData[[#This Row],[Weight]]) * TableData[[#This Row],[Volume]] * TableData[[#This Row],[dF]] / (TableData[[#This Row],[Weight]]* 1000)) < 0, "0.00", (TableData[[#This Row],[Hg]] - Sheet2!$Q$14) * TableData[[#This Row],[Volume]] * TableData[[#This Row],[dF]] / (TableData[[#This Row],[Weight]] * 1000)) -> #DIV/0! | I12: Calibration Curve | J12: r ≥ 0.995
B13: =TableData[[#This Row],[ID SAMPLE]] -> ID SAMPLE | C13: =IF(((TableData[[#This Row],[Al]] - TableData[[#This Row],[Weight]]) * TableData[[#This Row],[Volume]] * TableData[[#This Row],[dF]] / (TableData[[#This Row],[Weight]]* 1000)) < 0, "0.00", (TableData[[#This Row],[Al]] - Sheet2!$M$14) * TableData[[#This Row],[Volume]] * TableData[[#This Row],[dF]] / (TableData[[#This Row],[Weight]] * 1000) ) -> #DIV/0! | D13: =IF(((TableData[[#This Row],[Pb]] - TableData[[#This Row],[Weight]]) * TableData[[#This Row],[Volume]] * TableData[[#This Row],[dF]] / (TableData[[#This Row],[Weight]]* 1000)) < 0, "0.00", (TableData[[#This Row],[Pb]] - Sheet2!$N$14) * TableData[[#This Row],[Volume]] * TableData[[#This Row],[dF]] / (TableData[[#This Row],[Weight]] * 1000) ) -> #DIV/0! | E13: =IF(((TableData[[#This Row],[Cd]] - TableData[[#This Row],[Weight]]) * TableData[[#This Row],[Volume]] * TableData[[#This Row],[dF]] / (TableData[[#This Row],[Weight]]* 1000)) < 0, "0.00", (TableData[[#This Row],[Cd]] - Sheet2!$O$14) * TableData[[#This Row],[Volume]] * TableData[[#This Row],[dF]] / (TableData[[#This Row],[Weight]] * 1000) ) -> #DIV/0! | F13: =IF(((TableData[[#This Row],[As]] - TableData[[#This Row],[Weight]]) * TableData[[#This Row],[Volume]] * TableData[[#This Row],[dF]] / (TableData[[#This Row],[Weight]]* 1000)) < 0, "0.00", (TableData[[#This Row],[As]] - Sheet2!$P$14) * TableData[[#This Row],[Volume]] * TableData[[#This Row],[dF]] / (TableData[[#This Row],[Weight]] * 1000) ) -> #DIV/0! | G13: =IF(((TableData[[#This Row],[Hg]] - TableData[[#This Row],[Weight]]) * TableData[[#This Row],[Volume]] * TableData[[#This Row],[dF]] / (TableData[[#This Row],[Weight]]* 1000)) < 0, "0.00", (TableData[[#This Row],[Hg]] - Sheet2!$Q$14) * TableData[[#This Row],[Volume]] * TableData[[#This Row],[dF]] / (TableData[[#This Row],[Weight]] * 1000)) -> #DIV/0! | I13: Calibration Standar Check Recovery | J13: 100 ± 10%
B14: =TableData[[#This Row],[ID SAMPLE]] -> ID SAMPLE | C14: =IF(((TableData[[#This Row],[Al]] - TableData[[#This Row],[Weight]]) * TableData[[#This Row],[Volume]] * TableData[[#This Row],[dF]] / (TableData[[#This Row],[Weight]]* 1000)) < 0, "0.00", (TableData[[#This Row],[Al]] - Sheet2!$M$14) * TableData[[#This Row],[Volume]] * TableData[[#This Row],[dF]] / (TableData[[#This Row],[Weight]] * 1000) ) -> #DIV/0! | D14: =IF(((TableData[[#This Row],[Pb]] - TableData[[#This Row],[Weight]]) * TableData[[#This Row],[Volume]] * TableData[[#This Row],[dF]] / (TableData[[#This Row],[Weight]]* 1000)) < 0, "0.00", (TableData[[#This Row],[Pb]] - Sheet2!$N$14) * TableData[[#This Row],[Volume]] * TableData[[#This Row],[dF]] / (TableData[[#This Row],[Weight]] * 1000) ) -> #DIV/0! | E14: =IF(((TableData[[#This Row],[Cd]] - TableData[[#This Row],[Weight]]) * TableData[[#This Row],[Volume]] * TableData[[#This Row],[dF]] / (TableData[[#This Row],[Weight]]* 1000)) < 0, "0.00", (TableData[[#This Row],[Cd]] - Sheet2!$O$14) * TableData[[#This Row],[Volume]] * TableData[[#This Row],[dF]] / (TableData[[#This Row],[Weight]] * 1000) ) -> #DIV/0! | F14: =IF(((TableData[[#This Row],[As]] - TableData[[#This Row],[Weight]]) * TableData[[#This Row],[Volume]] * TableData[[#This Row],[dF]] / (TableData[[#This Row],[Weight]]* 1000)) < 0, "0.00", (TableData[[#This Row],[As]] - Sheet2!$P$14) * TableData[[#This Row],[Volume]] * TableData[[#This Row],[dF]] / (TableData[[#This Row],[Weight]] * 1000) ) -> #DIV/0! | G14: =IF(((TableData[[#This Row],[Hg]] - TableData[[#This Row],[Weight]]) * TableData[[#This Row],[Volume]] * TableData[[#This Row],[dF]] / (TableData[[#This Row],[Weight]]* 1000)) < 0, "0.00", (TableData[[#This Row],[Hg]] - Sheet2!$Q$14) * TableData[[#This Row],[Volume]] * TableData[[#This Row],[dF]] / (TableData[[#This Row],[Weight]] * 1000)) -> #DIV/0! | I14: Sample & QC Spike Recovery | J14: 60-115%
B15: =TableData[[#This Row],[ID SAMPLE]] -> ID SAMPLE | C15: =IF(((TableData[[#This Row],[Al]] - TableData[[#This Row],[Weight]]) * TableData[[#This Row],[Volume]] * TableData[[#This Row],[dF]] / (TableData[[#This Row],[Weight]]* 1000)) < 0, "0.00", (TableData[[#This Row],[Al]] - Sheet2!$M$14) * TableData[[#This Row],[Volume]] * TableData[[#This Row],[dF]] / (TableData[[#This Row],[Weight]] * 1000) ) -> #DIV/0! | D15: =IF(((TableData[[#This Row],[Pb]] - TableData[[#This Row],[Weight]]) * TableData[[#This Row],[Volume]] * TableData[[#This Row],[dF]] / (TableData[[#This Row],[Weight]]* 1000)) < 0, "0.00", (TableData[[#This Row],[Pb]] - Sheet2!$N$14) * TableData[[#This Row],[Volume]] * TableData[[#This Row],[dF]] / (TableData[[#This Row],[Weight]] * 1000) ) -> #DIV/0! | E15: =IF(((TableData[[#This Row],[Cd]] - TableData[[#This Row],[Weight]]) * TableData[[#This Row],[Volume]] * TableData[[#This Row],[dF]] / (TableData[[#This Row],[Weight]]* 1000)) < 0, "0.00", (TableData[[#This Row],[Cd]] - Sheet2!$O$14) * TableData[[#This Row],[Volume]] * TableData[[#This Row],[dF]] / (TableData[[#This Row],[Weight]] * 1000) ) -> #DIV/0! | F15: =IF(((TableData[[#This Row],[As]] - TableData[[#This Row],[Weight]]) * TableData[[#This Row],[Volume]] * TableData[[#This Row],[dF]] / (TableData[[#This Row],[Weight]]* 1000)) < 0, "0.00", (TableData[[#This Row],[As]] - Sheet2!$P$14) * TableData[[#This Row],[Volume]] * TableData[[#This Row],[dF]] / (TableData[[#This Row],[Weight]] * 1000) ) -> #DIV/0! | G15: =IF(((TableData[[#This Row],[Hg]] - TableData[[#This Row],[Weight]]) * TableData[[#This Row],[Volume]] * TableData[[#This Row],[dF]] / (TableData[[#This Row],[Weight]]* 1000)) < 0, "0.00", (TableData[[#This Row],[Hg]] - Sheet2!$Q$14) * TableData[[#This Row],[Volume]] * TableData[[#This Row],[dF]] / (TableData[[#This Row],[Weight]] * 1000)) -> #DIV/0! | I15: RPD | J15: ≤ 25%
B16: =TableData[[#This Row],[ID SAMPLE]] -> ID SAMPLE | C16: =IF(((TableData[[#This Row],[Al]] - TableData[[#This Row],[Weight]]) * TableData[[#This Row],[Volume]] * TableData[[#This Row],[dF]] / (TableData[[#This Row],[Weight]]* 1000)) < 0, "0.00", (TableData[[#This Row],[Al]] - Sheet2!$M$14) * TableData[[#This Row],[Volume]] * TableData[[#This Row],[dF]] / (TableData[[#This Row],[Weight]] * 1000) ) -> #DIV/0! | D16: =IF(((TableData[[#This Row],[Pb]] - TableData[[#This Row],[Weight]]) * TableData[[#This Row],[Volume]] * TableData[[#This Row],[dF]] / (TableData[[#This Row],[Weight]]* 1000)) < 0, "0.00", (TableData[[#This Row],[Pb]] - Sheet2!$N$14) * TableData[[#This Row],[Volume]] * TableData[[#This Row],[dF]] / (TableData[[#This Row],[Weight]] * 1000) ) -> #DIV/0! | E16: =IF(((TableData[[#This Row],[Cd]] - TableData[[#This Row],[Weight]]) * TableData[[#This Row],[Volume]] * TableData[[#This Row],[dF]] / (TableData[[#This Row],[Weight]]* 1000)) < 0, "0.00", (TableData[[#This Row],[Cd]] - Sheet2!$O$14) * TableData[[#This Row],[Volume]] * TableData[[#This Row],[dF]] / (TableData[[#This Row],[Weight]] * 1000) ) -> #DIV/0! | F16: =IF(((TableData[[#This Row],[As]] - TableData[[#This Row],[Weight]]) * TableData[[#This Row],[Volume]] * TableData[[#This Row],[dF]] / (TableData[[#This Row],[Weight]]* 1000)) < 0, "0.00", (TableData[[#This Row],[As]] - Sheet2!$P$14) * TableData[[#This Row],[Volume]] * TableData[[#This Row],[dF]] / (TableData[[#This Row],[Weight]] * 1000) ) -> #DIV/0! | G16: =IF(((TableData[[#This Row],[Hg]] - TableData[[#This Row],[Weight]]) * TableData[[#This Row],[Volume]] * TableData[[#This Row],[dF]] / (TableData[[#This Row],[Weight]]* 1000)) < 0, "0.00", (TableData[[#This Row],[Hg]] - Sheet2!$Q$14) * TableData[[#This Row],[Volume]] * TableData[[#This Row],[dF]] / (TableData[[#This Row],[Weight]] * 1000)) -> #DIV/0!
B17: =TableData[[#This Row],[ID SAMPLE]] -> ID SAMPLE | C17: =IF(((TableData[[#This Row],[Al]] - TableData[[#This Row],[Weight]]) * TableData[[#This Row],[Volume]] * TableData[[#This Row],[dF]] / (TableData[[#This Row],[Weight]]* 1000)) < 0, "0.00", (TableData[[#This Row],[Al]] - Sheet2!$M$14) * TableData[[#This Row],[Volume]] * TableData[[#This Row],[dF]] / (TableData[[#This Row],[Weight]] * 1000) ) -> #DIV/0! | D17: =IF(((TableData[[#This Row],[Pb]] - TableData[[#This Row],[Weight]]) * TableData[[#This Row],[Volume]] * TableData[[#This Row],[dF]] / (TableData[[#This Row],[Weight]]* 1000)) < 0, "0.00", (TableData[[#This Row],[Pb]] - Sheet2!$N$14) * TableData[[#This Row],[Volume]] * TableData[[#This Row],[dF]] / (TableData[[#This Row],[Weight]] * 1000) ) -> #DIV/0! | E17: =IF(((TableData[[#This Row],[Cd]] - TableData[[#This Row],[Weight]]) * TableData[[#This Row],[Volume]] * TableData[[#This Row],[dF]] / (TableData[[#This Row],[Weight]]* 1000)) < 0, "0.00", (TableData[[#This Row],[Cd]] - Sheet2!$O$14) * TableData[[#This Row],[Volume]] * TableData[[#This Row],[dF]] / (TableData[[#This Row],[Weight]] * 1000) ) -> #DIV/0! | F17: =IF(((TableData[[#This Row],[As]] - TableData[[#This Row],[Weight]]) * TableData[[#This Row],[Volume]] * TableData[[#This Row],[dF]] / (TableData[[#This Row],[Weight]]* 1000)) < 0, "0.00", (TableData[[#This Row],[As]] - Sheet2!$P$14) * TableData[[#This Row],[Volume]] * TableData[[#This Row],[dF]] / (TableData[[#This Row],[Weight]] * 1000) ) -> #DIV/0! | G17: =IF(((TableData[[#This Row],[Hg]] - TableData[[#This Row],[Weight]]) * TableData[[#This Row],[Volume]] * TableData[[#This Row],[dF]] / (TableData[[#This Row],[Weight]]* 1000)) < 0, "0.00", (TableData[[#This Row],[Hg]] - Sheet2!$Q$14) * TableData[[#This Row],[Volume]] * TableData[[#This Row],[dF]] / (TableData[[#This Row],[Weight]] * 1000)) -> #DIV/0!
B18: =TableData[[#This Row],[ID SAMPLE]] -> ID SAMPLE | C18: =IF(((TableData[[#This Row],[Al]] - TableData[[#This Row],[Weight]]) * TableData[[#This Row],[Volume]] * TableData[[#This Row],[dF]] / (TableData[[#This Row],[Weight]]* 1000)) < 0, "0.00", (TableData[[#This Row],[Al]] - Sheet2!$M$14) * TableData[[#This Row],[Volume]] * TableData[[#This Row],[dF]] / (TableData[[#This Row],[Weight]] * 1000) ) -> #DIV/0! | D18: =IF(((TableData[[#This Row],[Pb]] - TableData[[#This Row],[Weight]]) * TableData[[#This Row],[Volume]] * TableData[[#This Row],[dF]] / (TableData[[#This Row],[Weight]]* 1000)) < 0, "0.00", (TableData[[#This Row],[Pb]] - Sheet2!$N$14) * TableData[[#This Row],[Volume]] * TableData[[#This Row],[dF]] / (TableData[[#This Row],[Weight]] * 1000) ) -> #DIV/0! | E18: =IF(((TableData[[#This Row],[Cd]] - TableData[[#This Row],[Weight]]) * TableData[[#This Row],[Volume]] * TableData[[#This Row],[dF]] / (TableData[[#This Row],[Weight]]* 1000)) < 0, "0.00", (TableData[[#This Row],[Cd]] - Sheet2!$O$14) * TableData[[#This Row],[Volume]] * TableData[[#This Row],[dF]] / (TableData[[#This Row],[Weight]] * 1000) ) -> #DIV/0! | F18: =IF(((TableData[[#This Row],[As]] - TableData[[#This Row],[Weight]]) * TableData[[#This Row],[Volume]] * TableData[[#This Row],[dF]] / (TableData[[#This Row],[Weight]]* 1000)) < 0, "0.00", (TableData[[#This Row],[As]] - Sheet2!$P$14) * TableData[[#This Row],[Volume]] * TableData[[#This Row],[dF]] / (TableData[[#This Row],[Weight]] * 1000) ) -> #DIV/0! | G18: =IF(((TableData[[#This Row],[Hg]] - TableData[[#This Row],[Weight]]) * TableData[[#This Row],[Volume]] * TableData[[#This Row],[dF]] / (TableData[[#This Row],[Weight]]* 1000)) < 0, "0.00", (TableData[[#This Row],[Hg]] - Sheet2!$Q$14) * TableData[[#This Row],[Volume]] * TableData[[#This Row],[dF]] / (TableData[[#This Row],[Weight]] * 1000)) -> #DIV/0!
B19: =TableData[[#This Row],[ID SAMPLE]] -> ID SAMPLE | C19: =IF(((TableData[[#This Row],[Al]] - TableData[[#This Row],[Weight]]) * TableData[[#This Row],[Volume]] * TableData[[#This Row],[dF]] / (TableData[[#This Row],[Weight]]* 1000)) < 0, "0.00", (TableData[[#This Row],[Al]] - Sheet2!$M$14) * TableData[[#This Row],[Volume]] * TableData[[#This Row],[dF]] / (TableData[[#This Row],[Weight]] * 1000) ) -> #DIV/0! | D19: =IF(((TableData[[#This Row],[Pb]] - TableData[[#This Row],[Weight]]) * TableData[[#This Row],[Volume]] * TableData[[#This Row],[dF]] / (TableData[[#This Row],[Weight]]* 1000)) < 0, "0.00", (TableData[[#This Row],[Pb]] - Sheet2!$N$14) * TableData[[#This Row],[Volume]] * TableData[[#This Row],[dF]] / (TableData[[#This Row],[Weight]] * 1000) ) -> #DIV/0! | E19: =IF(((TableData[[#This Row],[Cd]] - TableData[[#This Row],[Weight]]) * TableData[[#This Row],[Volume]] * TableData[[#This Row],[dF]] / (TableData[[#This Row],[Weight]]* 1000)) < 0, "0.00", (TableData[[#This Row],[Cd]] - Sheet2!$O$14) * TableData[[#This Row],[Volume]] * TableData[[#This Row],[dF]] / (TableData[[#This Row],[Weight]] * 1000) ) -> #DIV/0! | F19: =IF(((TableData[[#This Row],[As]] - TableData[[#This Row],[Weight]]) * TableData[[#This Row],[Volume]] * TableData[[#This Row],[dF]] / (TableData[[#This Row],[Weight]]* 1000)) < 0, "0.00", (TableData[[#This Row],[As]] - Sheet2!$P$14) * TableData[[#This Row],[Volume]] * TableData[[#This Row],[dF]] / (TableData[[#This Row],[Weight]] * 1000) ) -> #DIV/0! | G19: =IF(((TableData[[#This Row],[Hg]] - TableData[[#This Row],[Weight]]) * TableData[[#This Row],[Volume]] * TableData[[#This Row],[dF]] / (TableData[[#This Row],[Weight]]* 1000)) < 0, "0.00", (TableData[[#This Row],[Hg]] - Sheet2!$Q$14) * TableData[[#This Row],[Volume]] * TableData[[#This Row],[dF]] / (TableData[[#This Row],[Weight]] * 1000)) -> #DIV/0!
B20: =TableData[[#This Row],[ID SAMPLE]] -> ID SAMPLE | C20: =IF(((TableData[[#This Row],[Al]] - TableData[[#This Row],[Weight]]) * TableData[[#This Row],[Volume]] * TableData[[#This Row],[dF]] / (TableData[[#This Row],[Weight]]* 1000)) < 0, "0.00", (TableData[[#This Row],[Al]] - Sheet2!$M$14) * TableData[[#This Row],[Volume]] * TableData[[#This Row],[dF]] / (TableData[[#This Row],[Weight]] * 1000) ) -> #DIV/0! | D20: =IF(((TableData[[#This Row],[Pb]] - TableData[[#This Row],[Weight]]) * TableData[[#This Row],[Volume]] * TableData[[#This Row],[dF]] / (TableData[[#This Row],[Weight]]* 1000)) < 0, "0.00", (TableData[[#This Row],[Pb]] - Sheet2!$N$14) * TableData[[#This Row],[Volume]] * TableData[[#This Row],[dF]] / (TableData[[#This Row],[Weight]] * 1000) ) -> #DIV/0! | E20: =IF(((TableData[[#This Row],[Cd]] - TableData[[#This Row],[Weight]]) * TableData[[#This Row],[Volume]] * TableData[[#This Row],[dF]] / (TableData[[#This Row],[Weight]]* 1000)) < 0, "0.00", (TableData[[#This Row],[Cd]] - Sheet2!$O$14) * TableData[[#This Row],[Volume]] * TableData[[#This Row],[dF]] / (TableData[[#This Row],[Weight]] * 1000) ) -> #DIV/0! | F20: =IF(((TableData[[#This Row],[As]] - TableData[[#This Row],[Weight]]) * TableData[[#This Row],[Volume]] * TableData[[#This Row],[dF]] / (TableData[[#This Row],[Weight]]* 1000)) < 0, "0.00", (TableData[[#This Row],[As]] - Sheet2!$P$14) * TableData[[#This Row],[Volume]] * TableData[[#This Row],[dF]] / (TableData[[#This Row],[Weight]] * 1000) ) -> #DIV/0! | G20: =IF(((TableData[[#This Row],[Hg]] - TableData[[#This Row],[Weight]]) * TableData[[#This Row],[Volume]] * TableData[[#This Row],[dF]] / (TableData[[#This Row],[Weight]]* 1000)) < 0, "0.00", (TableData[[#This Row],[Hg]] - Sheet2!$Q$14) * TableData[[#This Row],[Volume]] * TableData[[#This Row],[dF]] / (TableData[[#This Row],[Weight]] * 1000)) -> #DIV/0!
B21: =TableData[[#This Row],[ID SAMPLE]] -> ID SAMPLE | C21: =IF(((TableData[[#This Row],[Al]] - TableData[[#This Row],[Weight]]) * TableData[[#This Row],[Volume]] * TableData[[#This Row],[dF]] / (TableData[[#This Row],[Weight]]* 1000)) < 0, "0.00", (TableData[[#This Row],[Al]] - Sheet2!$M$14) * TableData[[#This Row],[Volume]] * TableData[[#This Row],[dF]] / (TableData[[#This Row],[Weight]] * 1000) ) -> #DIV/0! | D21: =IF(((TableData[[#This Row],[Pb]] - TableData[[#This Row],[Weight]]) * TableData[[#This Row],[Volume]] * TableData[[#This Row],[dF]] / (TableData[[#This Row],[Weight]]* 1000)) < 0, "0.00", (TableData[[#This Row],[Pb]] - Sheet2!$N$14) * TableData[[#This Row],[Volume]] * TableData[[#This Row],[dF]] / (TableData[[#This Row],[Weight]] * 1000) ) -> #DIV/0! | E21: =IF(((TableData[[#This Row],[Cd]] - TableData[[#This Row],[Weight]]) * TableData[[#This Row],[Volume]] * TableData[[#This Row],[dF]] / (TableData[[#This Row],[Weight]]* 1000)) < 0, "0.00", (TableData[[#This Row],[Cd]] - Sheet2!$O$14) * TableData[[#This Row],[Volume]] * TableData[[#This Row],[dF]] / (TableData[[#This Row],[Weight]] * 1000) ) -> #DIV/0! | F21: =IF(((TableData[[#This Row],[As]] - TableData[[#This Row],[Weight]]) * TableData[[#This Row],[Volume]] * TableData[[#This Row],[dF]] / (TableData[[#This Row],[Weight]]* 1000)) < 0, "0.00", (TableData[[#This Row],[As]] - Sheet2!$P$14) * TableData[[#This Row],[Volume]] * TableData[[#This Row],[dF]] / (TableData[[#This Row],[Weight]] * 1000) ) -> #DIV/0! | G21: =IF(((TableData[[#This Row],[Hg]] - TableData[[#This Row],[Weight]]) * TableData[[#This Row],[Volume]] * TableData[[#This Row],[dF]] / (TableData[[#This Row],[Weight]]* 1000)) < 0, "0.00", (TableData[[#This Row],[Hg]] - Sheet2!$Q$14) * TableData[[#This Row],[Volume]] * TableData[[#This Row],[dF]] / (TableData[[#This Row],[Weight]] * 1000)) -> #DIV/0!
B22: =TableData[[#This Row],[ID SAMPLE]] -> ID SAMPLE | C22: =IF(((TableData[[#This Row],[Al]] - TableData[[#This Row],[Weight]]) * TableData[[#This Row],[Volume]] * TableData[[#This Row],[dF]] / (TableData[[#This Row],[Weight]]* 1000)) < 0, "0.00", (TableData[[#This Row],[Al]] - Sheet2!$M$14) * TableData[[#This Row],[Volume]] * TableData[[#This Row],[dF]] / (TableData[[#This Row],[Weight]] * 1000) ) -> #DIV/0! | D22: =IF(((TableData[[#This Row],[Pb]] - TableData[[#This Row],[Weight]]) * TableData[[#This Row],[Volume]] * TableData[[#This Row],[dF]] / (TableData[[#This Row],[Weight]]* 1000)) < 0, "0.00", (TableData[[#This Row],[Pb]] - Sheet2!$N$14) * TableData[[#This Row],[Volume]] * TableData[[#This Row],[dF]] / (TableData[[#This Row],[Weight]] * 1000) ) -> #DIV/0! | E22: =IF(((TableData[[#This Row],[Cd]] - TableData[[#This Row],[Weight]]) * TableData[[#This Row],[Volume]] * TableData[[#This Row],[dF]] / (TableData[[#This Row],[Weight]]* 1000)) < 0, "0.00", (TableData[[#This Row],[Cd]] - Sheet2!$O$14) * TableData[[#This Row],[Volume]] * TableData[[#This Row],[dF]] / (TableData[[#This Row],[Weight]] * 1000) ) -> #DIV/0! | F22: =IF(((TableData[[#This Row],[As]] - TableData[[#This Row],[Weight]]) * TableData[[#This Row],[Volume]] * TableData[[#This Row],[dF]] / (TableData[[#This Row],[Weight]]* 1000)) < 0, "0.00", (TableData[[#This Row],[As]] - Sheet2!$P$14) * TableData[[#This Row],[Volume]] * TableData[[#This Row],[dF]] / (TableData[[#This Row],[Weight]] * 1000) ) -> #DIV/0! | G22: =IF(((TableData[[#This Row],[Hg]] - TableData[[#This Row],[Weight]]) * TableData[[#This Row],[Volume]] * TableData[[#This Row],[dF]] / (TableData[[#This Row],[Weight]]* 1000)) < 0, "0.00", (TableData[[#This Row],[Hg]] - Sheet2!$Q$14) * TableData[[#This Row],[Volume]] * TableData[[#This Row],[dF]] / (TableData[[#This Row],[Weight]] * 1000)) -> #DIV/0!
B23: =TableData[[#This Row],[ID SAMPLE]] -> ID SAMPLE | C23: =IF(((TableData[[#This Row],[Al]] - TableData[[#This Row],[Weight]]) * TableData[[#This Row],[Volume]] * TableData[[#This Row],[dF]] / (TableData[[#This Row],[Weight]]* 1000)) < 0, "0.00", (TableData[[#This Row],[Al]] - Sheet2!$M$14) * TableData[[#This Row],[Volume]] * TableData[[#This Row],[dF]] / (TableData[[#This Row],[Weight]] * 1000) ) -> #DIV/0! | D23: =IF(((TableData[[#This Row],[Pb]] - TableData[[#This Row],[Weight]]) * TableData[[#This Row],[Volume]] * TableData[[#This Row],[dF]] / (TableData[[#This Row],[Weight]]* 1000)) < 0, "0.00", (TableData[[#This Row],[Pb]] - Sheet2!$N$14) * TableData[[#This Row],[Volume]] * TableData[[#This Row],[dF]] / (TableData[[#This Row],[Weight]] * 1000) ) -> #DIV/0! | E23: =IF(((TableData[[#This Row],[Cd]] - TableData[[#This Row],[Weight]]) * TableData[[#This Row],[Volume]] * TableData[[#This Row],[dF]] / (TableData[[#This Row],[Weight]]* 1000)) < 0, "0.00", (TableData[[#This Row],[Cd]] - Sheet2!$O$14) * TableData[[#This Row],[Volume]] * TableData[[#This Row],[dF]] / (TableData[[#This Row],[Weight]] * 1000) ) -> #DIV/0! | F23: =IF(((TableData[[#This Row],[As]] - TableData[[#This Row],[Weight]]) * TableData[[#This Row],[Volume]] * TableData[[#This Row],[dF]] / (TableData[[#This Row],[Weight]]* 1000)) < 0, "0.00", (TableData[[#This Row],[As]] - Sheet2!$P$14) * TableData[[#This Row],[Volume]] * TableData[[#This Row],[dF]] / (TableData[[#This Row],[Weight]] * 1000) ) -> #DIV/0! | G23: =IF(((TableData[[#This Row],[Hg]] - TableData[[#This Row],[Weight]]) * TableData[[#This Row],[Volume]] * TableData[[#This Row],[dF]] / (TableData[[#This Row],[Weight]]* 1000)) < 0, "0.00", (TableData[[#This Row],[Hg]] - Sheet2!$Q$14) * TableData[[#This Row],[Volume]] * TableData[[#This Row],[dF]] / (TableData[[#This Row],[Weight]] * 1000)) -> #DIV/0!
B24: =TableData[[#This Row],[ID SAMPLE]] -> ID SAMPLE | C24: =IF(((TableData[[#This Row],[Al]] - TableData[[#This Row],[Weight]]) * TableData[[#This Row],[Volume]] * TableData[[#This Row],[dF]] / (TableData[[#This Row],[Weight]]* 1000)) < 0, "0.00", (TableData[[#This Row],[Al]] - Sheet2!$M$14) * TableData[[#This Row],[Volume]] * TableData[[#This Row],[dF]] / (TableData[[#This Row],[Weight]] * 1000) ) -> #DIV/0! | D24: =IF(((TableData[[#This Row],[Pb]] - TableData[[#This Row],[Weight]]) * TableData[[#This Row],[Volume]] * TableData[[#This Row],[dF]] / (TableData[[#This Row],[Weight]]* 1000)) < 0, "0.00", (TableData[[#This Row],[Pb]] - Sheet2!$N$14) * TableData[[#This Row],[Volume]] * TableData[[#This Row],[dF]] / (TableData[[#This Row],[Weight]] * 1000) ) -> #DIV/0! | E24: =IF(((TableData[[#This Row],[Cd]] - TableData[[#This Row],[Weight]]) * TableData[[#This Row],[Volume]] * TableData[[#This Row],[dF]] / (TableData[[#This Row],[Weight]]* 1000)) < 0, "0.00", (TableData[[#This Row],[Cd]] - Sheet2!$O$14) * TableData[[#This Row],[Volume]] * TableData[[#This Row],[dF]] / (TableData[[#This Row],[Weight]] * 1000) ) -> #DIV/0! | F24: =IF(((TableData[[#This Row],[As]] - TableData[[#This Row],[Weight]]) * TableData[[#This Row],[Volume]] * TableData[[#This Row],[dF]] / (TableData[[#This Row],[Weight]]* 1000)) < 0, "0.00", (TableData[[#This Row],[As]] - Sheet2!$P$14) * TableData[[#This Row],[Volume]] * TableData[[#This Row],[dF]] / (TableData[[#This Row],[Weight]] * 1000) ) -> #DIV/0! | G24: =IF(((TableData[[#This Row],[Hg]] - TableData[[#This Row],[Weight]]) * TableData[[#This Row],[Volume]] * TableData[[#This Row],[dF]] / (TableData[[#This Row],[Weight]]* 1000)) < 0, "0.00", (TableData[[#This Row],[Hg]] - Sheet2!$Q$14) * TableData[[#This Row],[Volume]] * TableData[[#This Row],[dF]] / (TableData[[#This Row],[Weight]] * 1000)) -> #DIV/0!
B25: =TableData[[#This Row],[ID SAMPLE]] -> ID SAMPLE | C25: =IF(((TableData[[#This Row],[Al]] - TableData[[#This Row],[Weight]]) * TableData[[#This Row],[Volume]] * TableData[[#This Row],[dF]] / (TableData[[#This Row],[Weight]]* 1000)) < 0, "0.00", (TableData[[#This Row],[Al]] - Sheet2!$M$14) * TableData[[#This Row],[Volume]] * TableData[[#This Row],[dF]] / (TableData[[#This Row],[Weight]] * 1000) ) -> #DIV/0! | D25: =IF(((TableData[[#This Row],[Pb]] - TableData[[#This Row],[Weight]]) * TableData[[#This Row],[Volume]] * TableData[[#This Row],[dF]] / (TableData[[#This Row],[Weight]]* 1000)) < 0, "0.00", (TableData[[#This Row],[Pb]] - Sheet2!$N$14) * TableData[[#This Row],[Volume]] * TableData[[#This Row],[dF]] / (TableData[[#This Row],[Weight]] * 1000) ) -> #DIV/0! | E25: =IF(((TableData[[#This Row],[Cd]] - TableData[[#This Row],[Weight]]) * TableData[[#This Row],[Volume]] * TableData[[#This Row],[dF]] / (TableData[[#This Row],[Weight]]* 1000)) < 0, "0.00", (TableData[[#This Row],[Cd]] - Sheet2!$O$14) * TableData[[#This Row],[Volume]] * TableData[[#This Row],[dF]] / (TableData[[#This Row],[Weight]] * 1000) ) -> #DIV/0! | F25: =IF(((TableData[[#This Row],[As]] - TableData[[#This Row],[Weight]]) * TableData[[#This Row],[Volume]] * TableData[[#This Row],[dF]] / (TableData[[#This Row],[Weight]]* 1000)) < 0, "0.00", (TableData[[#This Row],[As]] - Sheet2!$P$14) * TableData[[#This Row],[Volume]] * TableData[[#This Row],[dF]] / (TableData[[#This Row],[Weight]] * 1000) ) -> #DIV/0! | G25: =IF(((TableData[[#This Row],[Hg]] - TableData[[#This Row],[Weight]]) * TableData[[#This Row],[Volume]] * TableData[[#This Row],[dF]] / (TableData[[#This Row],[Weight]]* 1000)) < 0, "0.00", (TableData[[#This Row],[Hg]] - Sheet2!$Q$14) * TableData[[#This Row],[Volume]] * TableData[[#This Row],[dF]] / (TableData[[#This Row],[Weight]] * 1000)) -> #DIV/0!
B26: =TableData[[#This Row],[ID SAMPLE]] -> ID SAMPLE | C26: =IF(((TableData[[#This Row],[Al]] - TableData[[#This Row],[Weight]]) * TableData[[#This Row],[Volume]] * TableData[[#This Row],[dF]] / (TableData[[#This Row],[Weight]]* 1000)) < 0, "0.00", (TableData[[#This Row],[Al]] - Sheet2!$M$14) * TableData[[#This Row],[Volume]] * TableData[[#This Row],[dF]] / (TableData[[#This Row],[Weight]] * 1000) ) -> #DIV/0! | D26: =IF(((TableData[[#This Row],[Pb]] - TableData[[#This Row],[Weight]]) * TableData[[#This Row],[Volume]] * TableData[[#This Row],[dF]] / (TableData[[#This Row],[Weight]]* 1000)) < 0, "0.00", (TableData[[#This Row],[Pb]] - Sheet2!$N$14) * TableData[[#This Row],[Volume]] * TableData[[#This Row],[dF]] / (TableData[[#This Row],[Weight]] * 1000) ) -> #DIV/0! | E26: =IF(((TableData[[#This Row],[Cd]] - TableData[[#This Row],[Weight]]) * TableData[[#This Row],[Volume]] * TableData[[#This Row],[dF]] / (TableData[[#This Row],[Weight]]* 1000)) < 0, "0.00", (TableData[[#This Row],[Cd]] - Sheet2!$O$14) * TableData[[#This Row],[Volume]] * TableData[[#This Row],[dF]] / (TableData[[#This Row],[Weight]] * 1000) ) -> #DIV/0! | F26: =IF(((TableData[[#This Row],[As]] - TableData[[#This Row],[Weight]]) * TableData[[#This Row],[Volume]] * TableData[[#This Row],[dF]] / (TableData[[#This Row],[Weight]]* 1000)) < 0, "0.00", (TableData[[#This Row],[As]] - Sheet2!$P$14) * TableData[[#This Row],[Volume]] * TableData[[#This Row],[dF]] / (TableData[[#This Row],[Weight]] * 1000) ) -> #DIV/0! | G26: =IF(((TableData[[#This Row],[Hg]] - TableData[[#This Row],[Weight]]) * TableData[[#This Row],[Volume]] * TableData[[#This Row],[dF]] / (TableData[[#This Row],[Weight]]* 1000)) < 0, "0.00", (TableData[[#This Row],[Hg]] - Sheet2!$Q$14) * TableData[[#This Row],[Volume]] * TableData[[#This Row],[dF]] / (TableData[[#This Row],[Weight]] * 1000)) -> #DIV/0!
B27: =TableData[[#This Row],[ID SAMPLE]] -> ID SAMPLE | C27: =IF(((TableData[[#This Row],[Al]] - TableData[[#This Row],[Weight]]) * TableData[[#This Row],[Volume]] * TableData[[#This Row],[dF]] / (TableData[[#This Row],[Weight]]* 1000)) < 0, "0.00", (TableData[[#This Row],[Al]] - Sheet2!$M$14) * TableData[[#This Row],[Volume]] * TableData[[#This Row],[dF]] / (TableData[[#This Row],[Weight]] * 1000) ) -> #DIV/0! | D27: =IF(((TableData[[#This Row],[Pb]] - TableData[[#This Row],[Weight]]) * TableData[[#This Row],[Volume]] * TableData[[#This Row],[dF]] / (TableData[[#This Row],[Weight]]* 1000)) < 0, "0.00", (TableData[[#This Row],[Pb]] - Sheet2!$N$14) * TableData[[#This Row],[Volume]] * TableData[[#This Row],[dF]] / (TableData[[#This Row],[Weight]] * 1000) ) -> #DIV/0! | E27: =IF(((TableData[[#This Row],[Cd]] - TableData[[#This Row],[Weight]]) * TableData[[#This Row],[Volume]] * TableData[[#This Row],[dF]] / (TableData[[#This Row],[Weight]]* 1000)) < 0, "0.00", (TableData[[#This Row],[Cd]] - Sheet2!$O$14) * TableData[[#This Row],[Volume]] * TableData[[#This Row],[dF]] / (TableData[[#This Row],[Weight]] * 1000) ) -> #DIV/0! | F27: =IF(((TableData[[#This Row],[As]] - TableData[[#This Row],[Weight]]) * TableData[[#This Row],[Volume]] * TableData[[#This Row],[dF]] / (TableData[[#This Row],[Weight]]* 1000)) < 0, "0.00", (TableData[[#This Row],[As]] - Sheet2!$P$14) * TableData[[#This Row],[Volume]] * TableData[[#This Row],[dF]] / (TableData[[#This Row],[Weight]] * 1000) ) -> #DIV/0! | G27: =IF(((TableData[[#This Row],[Hg]] - TableData[[#This Row],[Weight]]) * TableData[[#This Row],[Volume]] * TableData[[#This Row],[dF]] / (TableData[[#This Row],[Weight]]* 1000)) < 0, "0.00", (TableData[[#This Row],[Hg]] - Sheet2!$Q$14) * TableData[[#This Row],[Volume]] * TableData[[#This Row],[dF]] / (TableData[[#This Row],[Weight]] * 1000)) -> #DIV/0!
... B41: =TableData[[#This Row],[ID SAMPLE]] -> ID SAMPLE | C41: =IF(((TableData[[#This Row],[Al]] - TableData[[#This Row],[Weight]]) * TableData[[#This Row],[Volume]] * TableData[[#This Row],[dF]] / (TableData[[#This Row],[Weight]]* 1000)) < 0, "0.00", (TableData[[#This Row],[Al]] - Sheet2!$M$14) * TableData[[#This Row],[Volume]] * TableData[[#This Row],[dF]] / (TableData[[#This Row],[Weight]] * 1000) ) -> #DIV/0! | D41: =IF(((TableData[[#This Row],[Pb]] - TableData[[#This Row],[Weight]]) * TableData[[#This Row],[Volume]] * TableData[[#This Row],[dF]] / (TableData[[#This Row],[Weight]]* 1000)) < 0, "0.00", (TableData[[#This Row],[Pb]] - Sheet2!$N$14) * TableData[[#This Row],[Volume]] * TableData[[#This Row],[dF]] / (TableData[[#This Row],[Weight]] * 1000) ) -> #DIV/0! | E41: =IF(((TableData[[#This Row],[Cd]] - TableData[[#This Row],[Weight]]) * TableData[[#This Row],[Volume]] * TableData[[#This Row],[dF]] / (TableData[[#This Row],[Weight]]* 1000)) < 0, "0.00", (TableData[[#This Row],[Cd]] - Sheet2!$O$14) * TableData[[#This Row],[Volume]] * TableData[[#This Row],[dF]] / (TableData[[#This Row],[Weight]] * 1000) ) -> #DIV/0! | F41: =IF(((TableData[[#This Row],[As]] - TableData[[#This Row],[Weight]]) * TableData[[#This Row],[Volume]] * TableData[[#This Row],[dF]] / (TableData[[#This Row],[Weight]]* 1000)) < 0, "0.00", (TableData[[#This Row],[As]] - Sheet2!$P$14) * TableData[[#This Row],[Volume]] * TableData[[#This Row],[dF]] / (TableData[[#This Row],[Weight]] * 1000) ) -> #DIV/0! | G41: =IF(((TableData[[#This Row],[Hg]] - TableData[[#This Row],[Weight]]) * TableData[[#This Row],[Volume]] * TableData[[#This Row],[dF]] / (TableData[[#This Row],[Weight]]* 1000)) < 0, "0.00", (TableData[[#This Row],[Hg]] - Sheet2!$Q$14) * TableData[[#This Row],[Volume]] * TableData[[#This Row],[dF]] / (TableData[[#This Row],[Weight]] * 1000)) -> #DIV/0!

Sheet Sheet2
B3: Table Data | L3: Table Standard
B4: ID SAMPLE | C4: Al | D4: Pb | E4: Cd | F4: As | G4: Hg | H4: Weight | I4: Volume | J4: dF | L4: Standard | M4: Al | N4: Pb | O4: Cd | P4: As | Q4: Hg
C5: (ppb) | D5: (ppb) | E5: (ppb) | F5: (ppb) | G5: (ppb) | H5: (g) | I5: (mL) | J5: (mL) | L5: Blank Baku | M5: 0 | N5: 0 | O5: 0 | P5: 0 | Q5: 0
B6: ID SAMPLE | C6: 0 | D6: 0 | E6: 0 | F6: 0 | G6: 0 | H6: 0 | I6: 50 | J6: 1 | L6: BAKU 10 PPB | M6: 0 | N6: 0 | O6: 0 | P6: 0 | Q6: 0
B7: ID SAMPLE | C7: 0 | D7: 0 | E7: 0 | F7: 0 | G7: 0 | H7: 0 | I7: 50 | J7: 1 | L7: BAKU 50 PPB | M7: 0 | N7: 0 | O7: 0 | P7: 0 | Q7: 0
B8: ID SAMPLE | C8: 0 | D8: 0 | E8: 0 | F8: 0 | G8: 0 | H8: 0 | I8: 50 | J8: 1 | L8: BAKU 100 PPB | M8: 0 | N8: 0 | O8: 0 | P8: 0 | Q8: 0
B9: ID SAMPLE | C9: 0 | D9: 0 | E9: 0 | F9: 0 | G9: 0 | H9: 0 | I9: 50 | J9: 1 | L9: BAKU 300 PPB | M9: 0 | N9: 0 | O9: 0 | P9: 0 | Q9: 0
B10: ID SAMPLE | C10: 0 | D10: 0 | E10: 0 | F10: 0 | G10: 0 | H10: 0 | I10: 50 | J10: 1 | L10: BAKU 500 PPB | M10: 0 | N10: 0 | O10: 0 | P10: 0 | Q10: 0
B11: ID SAMPLE | C11: 0 | D11: 0 | E11: 0 | F11: 0 | G11: 0 | H11: 0 | I11: 50 | J11: 1 | L11: BAKU 700 PPB | M11: 0 | N11: 0 | O11: 0 | P11: 0 | Q11: 0
B12: ID SAMPLE | C12: 0 | D12: 0 | E12: 0 | F12: 0 | G12: 0 | H12: 0 | I12: 50 | J12: 1 | L12: BAKU 800 PPB | M12: 0 | N12: 0 | O12: 0 | P12: 0 | Q12: 0
B13: ID SAMPLE | C13: 0 | D13: 0 | E13: 0 | F13: 0 | G13: 0 | H13: 0 | I13: 50 | J13: 1 | L13: BAKU 1000 PPB | M13: 0 | N13: 0 | O13: 0 | P13: 0 | Q13: 0
B14: ID SAMPLE | C14: 0 | D14: 0 | E14: 0 | F14: 0 | G14: 0 | H14: 0 | I14: 50 | J14: 1 | L14: Blank Mars (Date) | M14: 0 | N14: 0 | O14: 0 | P14: 0 | Q14: 0
B15: ID SAMPLE | C15: 0 | D15: 0 | E15: 0 | F15: 0 | G15: 0 | H15: 0 | I15: 50 | J15: 1 | L15: Blank Spike | M15: 0 | N15: 0 | O15: 0 | P15: 0 | Q15: 0
B16: ID SAMPLE | C16: 0 | D16: 0 | E16: 0 | F16: 0 | G16: 0 | H16: 0 | I16: 50 | J16: 1 | L16: CS 500 ppb | M16: 0 | N16: 0 | O16: 0 | P16: 0 | Q16: 0
B17: ID SAMPLE | C17: 0 | D17: 0 | E17: 0 | F17: 0 | G17: 0 | H17: 0 | I17: 50 | J17: 1
B18: ID SAMPLE | C18: 0 | D18: 0 | E18: 0 | F18: 0 | G18: 0 | H18: 0 | I18: 50 | J18: 1 | L18: Cek STD | M18: Conc. | N18: Unit | P18: Cek STD | Q18: Conc. | R18: Unit
B19: ID SAMPLE | C19: 0 | D19: 0 | E19: 0 | F19: 0 | G19: 0 | H19: 0 | I19: 50 | J19: 1 | L19: Cek Std (CRM) | M19: 50 | N19: ug/L | P19: Cek Std (CRM) | Q19: 500 | R19: ug/L
B20: ID SAMPLE | C20: 0 | D20: 0 | E20: 0 | F20: 0 | G20: 0 | H20: 0 | I20: 50 | J20: 1 | L20: Conc.spiked | M20: 50 | N20: ug/L | P20: Conc.spiked | Q20: 500 | R20: ug/L
B21: ID SAMPLE | C21: 0 | D21: 0 | E21: 0 | F21: 0 | G21: 0 | H21: 0 | I21: 50 | J21: 1 | L21: LOD | M21: 0 | N21: mg/L | P21: LOD | Q21: 0 | R21: mg/L
B22: ID SAMPLE | C22: 0 | D22: 0 | E22: 0 | F22: 0 | G22: 0 | H22: 0 | I22: 50 | J22: 1 | L22: LOQ | M22: =$J$6*10 -> 10 | N22: mg/L | P22: LOQ | Q22: =$J$6*10 -> 10 | R22: mg/L
B23: ID SAMPLE | C23: 0 | D23: 0 | E23: 0 | F23: 0 | G23: 0 | H23: 0 | I23: 50 | J23: 1
B24: ID SAMPLE | C24: 0 | D24: 0 | E24: 0 | F24: 0 | G24: 0 | H24: 0 | I24: 50 | J24: 1
B25: ID SAMPLE | C25: 0 | D25: 0 | E25: 0 | F25: 0 | G25: 0 | H25: 0 | I25: 50 | J25: 1
B26: ID SAMPLE | C26: 0 | D26: 0 | E26: 0 | F26: 0 | G26: 0 | H26: 0 | I26: 50 | J26: 1
B27: ID SAMPLE | C27: 0 | D27: 0 | E27: 0 | F27: 0 | G27: 0 | H27: 0 | I27: 50 | J27: 1
B28: ID SAMPLE | C28: 0 | D28: 0 | E28: 0 | F28: 0 | G28: 0 | H28: 0 | I28: 50 | J28: 1
B29: ID SAMPLE | C29: 0 | D29: 0 | E29: 0 | F29: 0 | G29: 0 | H29: 0 | I29: 50 | J29: 1
B30: ID SAMPLE | C30: 0 | D30: 0 | E30: 0 | F30: 0 | G30: 0 | H30: 0 | I30: 50 | J30: 1
B31: ID SAMPLE | C31: 0 | D31: 0 | E31: 0 | F31: 0 | G31: 0 | H31: 0 | I31: 50 | J31: 1
B32: ID SAMPLE | C32: 0 | D32: 0 | E32: 0 | F32: 0 | G32: 0 | H32: 0 | I32: 50 | J32: 1
B33: ID SAMPLE | C33: 0 | D33: 0 | E33: 0 | F33: 0 | G33: 0 | H33: 0 | I33: 50 | J33: 1
B34: ID SAMPLE | C34: 0 | D34: 0 | E34: 0 | F34: 0 | G34: 0 | H34: 0 | I34: 50 | J34: 1
... B41: ID SAMPLE | C41: 0 | D41: 0 | E41: 0 | F41: 0 | G41: 0 | H41: 0 | I41: 50 | J41: 1
