Workbook

Sheet Sheet1
B3: Result
B4: Sample ID | C4: Al | D4: Pb | E4: Cd | F4: As | G4: Hg | I4: Rec. Al % | J4: Rec. Pb % | K4: Rec. Cd % | L4: Rec. As % | M4: Rec Hg %
C5: mg/kg | D5: mg/kg | E5: mg/kg | F5: mg/kg | G5: mg/kg | I5: =(Sheet2!M16/Sheet2!$Q$19)*100 | J5: =(Sheet2!N16/Sheet2!$M$19)*100 | K5: =(Sheet2!O16/Sheet2!$M$19)*100 | L5: =(Sheet2!P16/Sheet2!$M$19)*100 | M5: =(Sheet2!Q16/200)*100
B6: =TableData[[#This Row],[ID SAMPLE]] | C6: =IF(((TableData[[#This Row],[Al]] - Sheet2!$M$14) * TableData[[#This Row],[Volume]] * TableData[[#This Row],[dF]] / (TableData[[#This Row],[Weight]]* 1000)) < 0, "0.00", (TableData[[#This Row],[Al]] - Sheet2!$M$14) * TableData[[#This Row],[Volume]] * TableData[[#This Row],[dF]] / (TableData[[#This Row],[Weight]] * 1000)) | D6: =IF(((TableData[[#This Row],[Pb]] - Sheet2!$N$14) * TableData[[#This Row],[Volume]] * TableData[[#This Row],[dF]] / (TableData[[#This Row],[Weight]]* 1000)) < 0, "0.00", (TableData[[#This Row],[Pb]] - Sheet2!$N$14) * TableData[[#This Row],[Volume]] * TableData[[#This Row],[dF]] / (TableData[[#This Row],[Weight]] * 1000)) | E6: =IF(((TableData[[#This Row],[Cd]] - Sheet2!$O$14) * TableData[[#This Row],[Volume]] * TableData[[#This Row],[dF]] / (TableData[[#This Row],[Weight]]* 1000)) < 0, "0.00", (TableData[[#This Row],[Cd]] - Sheet2!$O$14) * TableData[[#This Row],[Volume]] * TableData[[#This Row],[dF]] / (TableData[[#This Row],[Weight]] * 1000)) | F6: =IF(((TableData[[#This Row],[As]] - Sheet2!$P$14) * TableData[[#This Row],[Volume]] * TableData[[#This Row],[dF]] / (TableData[[#This Row],[Weight]]* 1000)) < 0, "0.00", (TableData[[#This Row],[As]] - Sheet2!$P$14) * TableData[[#This Row],[Volume]] * TableData[[#This Row],[dF]] / (TableData[[#This Row],[Weight]] * 1000)) | G6: =IF(((TableData[[#This Row],[Hg]] - Sheet2!$Q$14) * TableData[[#This Row],[Volume]] * TableData[[#This Row],[dF]] / (TableData[[#This Row],[Weight]]* 1000)) < 0, "0.00", (TableData[[#This Row],[Hg]] - Sheet2!$Q$14) * TableData[[#This Row],[Volume]] * TableData[[#This Row],[dF]] / (TableData[[#This Row],[Weight]] * 1000)) | I6: =(Sheet2!M$16/Sheet2!$Q$19)*100 | J6: =(Sheet2!N$16/Sheet2!$M$19)*10 | K6: =(Sheet2!O$16/Sheet2!$M$19)*10 | L6: =(Sheet2!P$16/Sheet2!$M$19)*10 | M6: =(Sheet2!Q$16/Sheet2!$M$19)*10
B7: =TableData[[#This Row],[ID SAMPLE]] | C7: =IF(((TableData[[#This Row],[Al]] - Sheet2!$M$14) * TableData[[#This Row],[Volume]] * TableData[[#This Row],[dF]] / (TableData[[#This Row],[Weight]]* 1000)) < 0, "0.00", (TableData[[#This Row],[Al]] - Sheet2!$M$14) * TableData[[#This Row],[Volume]] * TableData[[#This Row],[dF]] / (TableData[[#This Row],[Weight]] * 1000)) | D7: =IF(((TableData[[#This Row],[Pb]] - Sheet2!$N$14) * TableData[[#This Row],[Volume]] * TableData[[#This Row],[dF]] / (TableData[[#This Row],[Weight]]* 1000)) < 0, "0.00", (TableData[[#This Row],[Pb]] - Sheet2!$N$14) * TableData[[#This Row],[Volume]] * TableData[[#This Row],[dF]] / (TableData[[#This Row],[Weight]] * 1000)) | E7: =IF(((TableData[[#This Row],[Cd]] - Sheet2!$O$14) * TableData[[#This Row],[Volume]] * TableData[[#This Row],[dF]] / (TableData[[#This Row],[Weight]]* 1000)) < 0, "0.00", (TableData[[#This Row],[Cd]] - Sheet2!$O$14) * TableData[[#This Row],[Volume]] * TableData[[#This Row],[dF]] / (TableData[[#This Row],[Weight]] * 1000)) | F7: =IF(((TableData[[#This Row],[As]] - Sheet2!$P$14) * TableData[[#This Row],[Volume]] * TableData[[#This Row],[dF]] / (TableData[[#This Row],[Weight]]* 1000)) < 0, "0.00", (TableData[[#This Row],[As]] - Sheet2!$P$14) * TableData[[#This Row],[Volume]] * TableData[[#This Row],[dF]] / (TableData[[#This Row],[Weight]] * 1000)) | G7: =IF(((TableData[[#This Row],[Hg]] - Sheet2!$Q$14) * TableData[[#This Row],[Volume]] * TableData[[#This Row],[dF]] / (TableData[[#This Row],[Weight]]* 1000)) < 0, "0.00", (TableData[[#This Row],[Hg]] - Sheet2!$Q$14) * TableData[[#This Row],[Volume]] * TableData[[#This Row],[dF]] / (TableData[[#This Row],[Weight]] * 1000))
B8: =TableData[[#This Row],[ID SAMPLE]] | C8: =IF(((TableData[[#This Row],[Al]] - Sheet2!$M$14) * TableData[[#This Row],[Volume]] * TableData[[#This Row],[dF]] / (TableData[[#This Row],[Weight]]* 1000)) < 0, "0.00", (TableData[[#This Row],[Al]] - Sheet2!$M$14) * TableData[[#This Row],[Volume]] * TableData[[#This Row],[dF]] / (TableData[[#This Row],[Weight]] * 1000)) | D8: =IF(((TableData[[#This Row],[Pb]] - Sheet2!$N$14) * TableData[[#This Row],[Volume]] * TableData[[#This Row],[dF]] / (TableData[[#This Row],[Weight]]* 1000)) < 0, "0.00", (TableData[[#This Row],[Pb]] - Sheet2!$N$14) * TableData[[#This Row],[Volume]] * TableData[[#This Row],[dF]] / (TableData[[#This Row],[Weight]] * 1000)) | E8: =IF(((TableData[[#This Row],[Cd]] - Sheet2!$O$14) * TableData[[#This Row],[Volume]] * TableData[[#This Row],[dF]] / (TableData[[#This Row],[Weight]]* 1000)) < 0, "0.00", (TableData[[#This Row],[Cd]] - Sheet2!$O$14) * TableData[[#This Row],[Volume]] * TableData[[#This Row],[dF]] / (TableData[[#This Row],[Weight]] * 1000)) | F8: =IF(((TableData[[#This Row],[As]] - Sheet2!$P$14) * TableData[[#This Row],[Volume]] * TableData[[#This Row],[dF]] / (TableData[[#This Row],[Weight]]* 1000)) < 0, "0.00", (TableData[[#This Row],[As]] - Sheet2!$P$14) * TableData[[#This Row],[Volume]] * TableData[[#This Row],[dF]] / (TableData[[#This Row],[Weight]] * 1000)) | G8: =IF(((TableData[[#This Row],[Hg]] - Sheet2!$Q$14) * TableData[[#This Row],[Volume]] * TableData[[#This Row],[dF]] / (TableData[[#This Row],[Weight]]* 1000)) < 0, "0.00", (TableData[[#This Row],[Hg]] - Sheet2!$Q$14) * TableData[[#This Row],[Volume]] * TableData[[#This Row],[dF]] / (TableData[[#This Row],[Weight]] * 1000))
B9: =TableData[[#This Row],[ID SAMPLE]] | C9: =IF(((TableData[[#This Row],[Al]] - Sheet2!$M$14) * TableData[[#This Row],[Volume]] * TableData[[#This Row],[dF]] / (TableData[[#This Row],[Weight]]* 1000)) < 0, "0.00", (TableData[[#This Row],[Al]] - Sheet2!$M$14) * TableData[[#This Row],[Volume]] * TableData[[#This Row],[dF]] / (TableData[[#This Row],[Weight]] * 1000)) | D9: =IF(((TableData[[#This Row],[Pb]] - Sheet2!$N$14) * TableData[[#This Row],[Volume]] * TableData[[#This Row],[dF]] / (TableData[[#This Row],[Weight]]* 1000)) < 0, "0.00", (TableData[[#This Row],[Pb]] - Sheet2!$N$14) * TableData[[#This Row],[Volume]] * TableData[[#This Row],[dF]] / (TableData[[#This Row],[Weight]] * 1000)) | E9: =IF(((TableData[[#This Row],[Cd]] - Sheet2!$O$14) * TableData[[#This Row],[Volume]] * TableData[[#This Row],[dF]] / (TableData[[#This Row],[Weight]]* 1000)) < 0, "0.00", (TableData[[#This Row],[Cd]] - Sheet2!$O$14) * TableData[[#This Row],[Volume]] * TableData[[#This Row],[dF]] / (TableData[[#This Row],[Weight]] * 1000)) | F9: =IF(((TableData[[#This Row],[As]] - Sheet2!$P$14) * TableData[[#This Row],[Volume]] * TableData[[#This Row],[dF]] / (TableData[[#This Row],[Weight]]* 1000)) < 0, "0.00", (TableData[[#This Row],[As]] - Sheet2!$P$14) * TableData[[#This Row],[Volume]] * TableData[[#This Row],[dF]] / (TableData[[#This Row],[Weight]] * 1000)) | G9: =IF(((TableData[[#This Row],[Hg]] - Sheet2!$Q$14) * TableData[[#This Row],[Volume]] * TableData[[#This Row],[dF]] / (TableData[[#This Row],[Weight]]* 1000)) < 0, "0.00", (TableData[[#This Row],[Hg]] - Sheet2!$Q$14) * TableData[[#This Row],[Volume]] * TableData[[#This Row],[dF]] / (TableData[[#This Row],[Weight]] * 1000))
B10: =TableData[[#This Row],[ID SAMPLE]] | C10: =IF(((TableData[[#This Row],[Al]] - Sheet2!$M$14) * TableData[[#This Row],[Volume]] * TableData[[#This Row],[dF]] / (TableData[[#This Row],[Weight]]* 1000)) < 0, "0.00", (TableData[[#This Row],[Al]] - Sheet2!$M$14) * TableData[[#This Row],[Volume]] * TableData[[#This Row],[dF]] / (TableData[[#This Row],[Weight]] * 1000)) | D10: =IF(((TableData[[#This Row],[Pb]] - Sheet2!$N$14) * TableData[[#This Row],[Volume]] * TableData[[#This Row],[dF]] / (TableData[[#This Row],[Weight]]* 1000)) < 0, "0.00", (TableData[[#This Row],[Pb]] - Sheet2!$N$14) * TableData[[#This Row],[Volume]] * TableData[[#This Row],[dF]] / (TableData[[#This Row],[Weight]] * 1000)) | E10: =IF(((TableData[[#This Row],[Cd]] - Sheet2!$O$14) * TableData[[#This Row],[Volume]] * TableData[[#This Row],[dF]] / (TableData[[#This Row],[Weight]]* 1000)) < 0, "0.00", (TableData[[#This Row],[Cd]] - Sheet2!$O$14) * TableData[[#This Row],[Volume]] * TableData[[#This Row],[dF]] / (TableData[[#This Row],[Weight]] * 1000)) | F10: =IF(((TableData[[#This Row],[As]] - Sheet2!$P$14) * TableData[[#This Row],[Volume]] * TableData[[#This Row],[dF]] / (TableData[[#This Row],[Weight]]* 1000)) < 0, "0.00", (TableData[[#This Row],[As]] - Sheet2!$P$14) * TableData[[#This Row],[Volume]] * TableData[[#This Row],[dF]] / (TableData[[#This Row],[Weight]] * 1000)) | G10: =IF(((TableData[[#This Row],[Hg]] - Sheet2!$Q$14) * TableData[[#This Row],[Volume]] * TableData[[#This Row],[dF]] / (TableData[[#This Row],[Weight]]* 1000)) < 0, "0.00", (TableData[[#This Row],[Hg]] - Sheet2!$Q$14) * TableData[[#This Row],[Volume]] * TableData[[#This Row],[dF]] / (TableData[[#This Row],[Weight]] * 1000))
B11: =TableData[[#This Row],[ID SAMPLE]] | C11: =IF(((TableData[[#This Row],[Al]] - Sheet2!$M$14) * TableData[[#This Row],[Volume]] * TableData[[#This Row],[dF]] / (TableData[[#This Row],[Weight]]* 1000)) < 0, "0.00", (TableData[[#This Row],[Al]] - Sheet2!$M$14) * TableData[[#This Row],[Volume]] * TableData[[#This Row],[dF]] / (TableData[[#This Row],[Weight]] * 1000)) | D11: =IF(((TableData[[#This Row],[Pb]] - Sheet2!$N$14) * TableData[[#This Row],[Volume]] * TableData[[#This Row],[dF]] / (TableData[[#This Row],[Weight]]* 1000)) < 0, "0.00", (TableData[[#This Row],[Pb]] - Sheet2!$N$14) * TableData[[#This Row],[Volume]] * TableData[[#This Row],[dF]] / (TableData[[#This Row],[Weight]] * 1000)) | E11: =IF(((TableData[[#This Row],[Cd]] - Sheet2!$O$14) * TableData[[#This Row],[Volume]] * TableData[[#This Row],[dF]] / (TableData[[#This Row],[Weight]]* 1000)) < 0, "0.00", (TableData[[#This Row],[Cd]] - Sheet2!$O$14) * TableData[[#This Row],[Volume]] * TableData[[#This Row],[dF]] / (TableData[[#This Row],[Weight]] * 1000)) | F11: =IF(((TableData[[#This Row],[As]] - Sheet2!$P$14) * TableData[[#This Row],[Volume]] * TableData[[#This Row],[dF]] / (TableData[[#This Row],[Weight]]* 1000)) < 0, "0.00", (TableData[[#This Row],[As]] - Sheet2!$P$14) * TableData[[#This Row],[Volume]] * TableData[[#This Row],[dF]] / (TableData[[#This Row],[Weight]] * 1000)) | G11: =IF(((TableData[[#This Row],[Hg]] - Sheet2!$Q$14) * TableData[[#This Row],[Volume]] * TableData[[#This Row],[dF]] / (TableData[[#This Row],[Weight]]* 1000)) < 0, "0.00", (TableData[[#This Row],[Hg]] - Sheet2!$Q$14) * TableData[[#This Row],[Volume]] * TableData[[#This Row],[dF]] / (TableData[[#This Row],[Weight]] * 1000)) | I11: QC CRITERIA CHECK
B12: =TableData[[#This Row],[ID SAMPLE]] | C12: =IF(((TableData[[#This Row],[Al]] - Sheet2!$M$14) * TableData[[#This Row],[Volume]] * TableData[[#This Row],[dF]] / (TableData[[#This Row],[Weight]]* 1000)) < 0, "0.00", (TableData[[#This Row],[Al]] - Sheet2!$M$14) * TableData[[#This Row],[Volume]] * TableData[[#This Row],[dF]] / (TableData[[#This Row],[Weight]] * 1000)) | D12: =IF(((TableData[[#This Row],[Pb]] - Sheet2!$N$14) * TableData[[#This Row],[Volume]] * TableData[[#This Row],[dF]] / (TableData[[#This Row],[Weight]]* 1000)) < 0, "0.00", (TableData[[#This Row],[Pb]] - Sheet2!$N$14) * TableData[[#This Row],[Volume]] * TableData[[#This Row],[dF]] / (TableData[[#This Row],[Weight]] * 1000)) | E12: =IF(((TableData[[#This Row],[Cd]] - Sheet2!$O$14) * TableData[[#This Row],[Volume]] * TableData[[#This Row],[dF]] / (TableData[[#This Row],[Weight]]* 1000)) < 0, "0.00", (TableData[[#This Row],[Cd]] - Sheet2!$O$14) * TableData[[#This Row],[Volume]] * TableData[[#This Row],[dF]] / (TableData[[#This Row],[Weight]] * 1000)) | F12: =IF(((TableData[[#This Row],[As]] - Sheet2!$P$14) * TableData[[#This Row],[Volume]] * TableData[[#This Row],[dF]] / (TableData[[#This Row],[Weight]]* 1000)) < 0, "0.00", (TableData[[#This Row],[As]] - Sheet2!$P$14) * TableData[[#This Row],[Volume]] * TableData[[#This Row],[dF]] / (TableData[[#This Row],[Weight]] * 1000)) | G12: =IF(((TableData[[#This Row],[Hg]] - Sheet2!$Q$14) * TableData[[#This Row],[Volume]] * TableData[[#This Row],[dF]] / (TableData[[#This Row],[Weight]]* 1000)) < 0, "0.00", (TableData[[#This Row],[Hg]] - Sheet2!$Q$14) * TableData[[#This Row],[Volume]] * TableData[[#This Row],[dF]] / (TableData[[#This Row],[Weight]] * 1000)) | I12: Calibration Curve | J12: r ≥ 0.995
B13: =TableData[[#This Row],[ID SAMPLE]] | C13: =IF(((TableData[[#This Row],[Al]] - Sheet2!$M$14) * TableData[[#This Row],[Volume]] * TableData[[#This Row],[dF]] / (TableData[[#This Row],[Weight]]* 1000)) < 0, "0.00", (TableData[[#This Row],[Al]] - Sheet2!$M$14) * TableData[[#This Row],[Volume]] * TableData[[#This Row],[dF]] / (TableData[[#This Row],[Weight]] * 1000)) | D13: =IF(((TableData[[#This Row],[Pb]] - Sheet2!$N$14) * TableData[[#This Row],[Volume]] * TableData[[#This Row],[dF]] / (TableData[[#This Row],[Weight]]* 1000)) < 0, "0.00", (TableData[[#This Row],[Pb]] - Sheet2!$N$14) * TableData[[#This Row],[Volume]] * TableData[[#This Row],[dF]] / (TableData[[#This Row],[Weight]] * 1000)) | E13: =IF(((TableData[[#This Row],[Cd]] - Sheet2!$O$14) * TableData[[#This Row],[Volume]] * TableData[[#This Row],[dF]] / (TableData[[#This Row],[Weight]]* 1000)) < 0, "0.00", (TableData[[#This Row],[Cd]] - Sheet2!$O$14) * TableData[[#This Row],[Volume]] * TableData[[#This Row],[dF]] / (TableData[[#This Row],[Weight]] * 1000)) | F13: =IF(((TableData[[#This Row],[As]] - Sheet2!$P$14) * TableData[[#This Row],[Volume]] * TableData[[#This Row],[dF]] / (TableData[[#This Row],[Weight]]* 1000)) < 0, "0.00", (TableData[[#This Row],[As]] - Sheet2!$P$14) * TableData[[#This Row],[Volume]] * TableData[[#This Row],[dF]] / (TableData[[#This Row],[Weight]] * 1000)) | G13: =IF(((TableData[[#This Row],[Hg]] - Sheet2!$Q$14) * TableData[[#This Row],[Volume]] * TableData[[#This Row],[dF]] / (TableData[[#This Row],[Weight]]* 1000)) < 0, "0.00", (TableData[[#This Row],[Hg]] - Sheet2!$Q$14) * TableData[[#This Row],[Volume]] * TableData[[#This Row],[dF]] / (TableData[[#This Row],[Weight]] * 1000)) | I13: Calibration Standar Check Recovery | J13: 100 ± 10%
B14: =TableData[[#This Row],[ID SAMPLE]] | C14: =IF(((TableData[[#This Row],[Al]] - Sheet2!$M$14) * TableData[[#This Row],[Volume]] * TableData[[#This Row],[dF]] / (TableData[[#This Row],[Weight]]* 1000)) < 0, "0.00", (TableData[[#This Row],[Al]] - Sheet2!$M$14) * TableData[[#This Row],[Volume]] * TableData[[#This Row],[dF]] / (TableData[[#This Row],[Weight]] * 1000)) | D14: =IF(((TableData[[#This Row],[Pb]] - Sheet2!$N$14) * TableData[[#This Row],[Volume]] * TableData[[#This Row],[dF]] / (TableData[[#This Row],[Weight]]* 1000)) < 0, "0.00", (TableData[[#This Row],[Pb]] - Sheet2!$N$14) * TableData[[#This Row],[Volume]] * TableData[[#This Row],[dF]] / (TableData[[#This Row],[Weight]] * 1000)) | E14: =IF(((TableData[[#This Row],[Cd]] - Sheet2!$O$14) * TableData[[#This Row],[Volume]] * TableData[[#This Row],[dF]] / (TableData[[#This Row],[Weight]]* 1000)) < 0, "0.00", (TableData[[#This Row],[Cd]] - Sheet2!$O$14) * TableData[[#This Row],[Volume]] * TableData[[#This Row],[dF]] / (TableData[[#This Row],[Weight]] * 1000)) | F14: =IF(((TableData[[#This Row],[As]] - Sheet2!$P$14) * TableData[[#This Row],[Volume]] * TableData[[#This Row],[dF]] / (TableData[[#This Row],[Weight]]* 1000)) < 0, "0.00", (TableData[[#This Row],[As]] - Sheet2!$P$14) * TableData[[#This Row],[Volume]] * TableData[[#This Row],[dF]] / (TableData[[#This Row],[Weight]] * 1000)) | G14: =IF(((TableData[[#This Row],[Hg]] - Sheet2!$Q$14) * TableData[[#This Row],[Volume]] * TableData[[#This Row],[dF]] / (TableData[[#This Row],[Weight]]* 1000)) < 0, "0.00", (TableData[[#This Row],[Hg]] - Sheet2!$Q$14) * TableData[[#This Row],[Volume]] * TableData[[#This Row],[dF]] / (TableData[[#This Row],[Weight]] * 1000)) | I14: Sample & QC Spike Recovery | J14: 60-115%
B15: =TableData[[#This Row],[ID SAMPLE]] | C15: =IF(((TableData[[#This Row],[Al]] - Sheet2!$M$14) * TableData[[#This Row],[Volume]] * TableData[[#This Row],[dF]] / (TableData[[#This Row],[Weight]]* 1000)) < 0, "0.00", (TableData[[#This Row],[Al]] - Sheet2!$M$14) * TableData[[#This Row],[Volume]] * TableData[[#This Row],[dF]] / (TableData[[#This Row],[Weight]] * 1000)) | D15: =IF(((TableData[[#This Row],[Pb]] - Sheet2!$N$14) * TableData[[#This Row],[Volume]] * TableData[[#This Row],[dF]] / (TableData[[#This Row],[Weight]]* 1000)) < 0, "0.00", (TableData[[#This Row],[Pb]] - Sheet2!$N$14) * TableData[[#This Row],[Volume]] * TableData[[#This Row],[dF]] / (TableData[[#This Row],[Weight]] * 1000)) | E15: =IF(((TableData[[#This Row],[Cd]] - Sheet2!$O$14) * TableData[[#This Row],[Volume]] * TableData[[#This Row],[dF]] / (TableData[[#This Row],[Weight]]* 1000)) < 0, "0.00", (TableData[[#This Row],[Cd]] - Sheet2!$O$14) * TableData[[#This Row],[Volume]] * TableData[[#This Row],[dF]] / (TableData[[#This Row],[Weight]] * 1000)) | F15: =IF(((TableData[[#This Row],[As]] - Sheet2!$P$14) * TableData[[#This Row],[Volume]] * TableData[[#This Row],[dF]] / (TableData[[#This Row],[Weight]]* 1000)) < 0, "0.00", (TableData[[#This Row],[As]] - Sheet2!$P$14) * TableData[[#This Row],[Volume]] * TableData[[#This Row],[dF]] / (TableData[[#This Row],[Weight]] * 1000)) | G15: =IF(((TableData[[#This Row],[Hg]] - Sheet2!$Q$14) * TableData[[#This Row],[Volume]] * TableData[[#This Row],[dF]] / (TableData[[#This Row],[Weight]]* 1000)) < 0, "0.00", (TableData[[#This Row],[Hg]] - Sheet2!$Q$14) * TableData[[#This Row],[Volume]] * TableData[[#This Row],[dF]] / (TableData[[#This Row],[Weight]] * 1000)) | I15: RPD | J15: ≤ 25%
B16: =TableData[[#This Row],[ID SAMPLE]] | C16: =IF(((TableData[[#This Row],[Al]] - Sheet2!$M$14) * TableData[[#This Row],[Volume]] * TableData[[#This Row],[dF]] / (TableData[[#This Row],[Weight]]* 1000)) < 0, "0.00", (TableData[[#This Row],[Al]] - Sheet2!$M$14) * TableData[[#This Row],[Volume]] * TableData[[#This Row],[dF]] / (TableData[[#This Row],[Weight]] * 1000)) | D16: =IF(((TableData[[#This Row],[Pb]] - Sheet2!$N$14) * TableData[[#This Row],[Volume]] * TableData[[#This Row],[dF]] / (TableData[[#This Row],[Weight]]* 1000)) < 0, "0.00", (TableData[[#This Row],[Pb]] - Sheet2!$N$14) * TableData[[#This Row],[Volume]] * TableData[[#This Row],[dF]] / (TableData[[#This Row],[Weight]] * 1000)) | E16: =IF(((TableData[[#This Row],[Cd]] - Sheet2!$O$14) * TableData[[#This Row],[Volume]] * TableData[[#This Row],[dF]] / (TableData[[#This Row],[Weight]]* 1000)) < 0, "0.00", (TableData[[#This Row],[Cd]] - Sheet2!$O$14) * TableData[[#This Row],[Volume]] * TableData[[#This Row],[dF]] / (TableData[[#This Row],[Weight]] * 1000)) | F16: =IF(((TableData[[#This Row],[As]] - Sheet2!$P$14) * TableData[[#This Row],[Volume]] * TableData[[#This Row],[dF]] / (TableData[[#This Row],[Weight]]* 1000)) < 0, "0.00", (TableData[[#This Row],[As]] - Sheet2!$P$14) * TableData[[#This Row],[Volume]] * TableData[[#This Row],[dF]] / (TableData[[#This Row],[Weight]] * 1000)) | G16: =IF(((TableData[[#This Row],[Hg]] - Sheet2!$Q$14) * TableData[[#This Row],[Volume]] * TableData[[#This Row],[dF]] / (TableData[[#This Row],[Weight]]* 1000)) < 0, "0.00", (TableData[[#This Row],[Hg]] - Sheet2!$Q$14) * TableData[[#This Row],[Volume]] * TableData[[#This Row],[dF]] / (TableData[[#This Row],[Weight]] * 1000))
B17: =TableData[[#This Row],[ID SAMPLE]] | C17: =IF(((TableData[[#This Row],[Al]] - Sheet2!$M$14) * TableData[[#This Row],[Volume]] * TableData[[#This Row],[dF]] / (TableData[[#This Row],[Weight]]* 1000)) < 0, "0.00", (TableData[[#This Row],[Al]] - Sheet2!$M$14) * TableData[[#This Row],[Volume]] * TableData[[#This Row],[dF]] / (TableData[[#This Row],[Weight]] * 1000)) | D17: =IF(((TableData[[#This Row],[Pb]] - Sheet2!$N$14) * TableData[[#This Row],[Volume]] * TableData[[#This Row],[dF]] / (TableData[[#This Row],[Weight]]* 1000)) < 0, "0.00", (TableData[[#This Row],[Pb]] - Sheet2!$N$14) * TableData[[#This Row],[Volume]] * TableData[[#This Row],[dF]] / (TableData[[#This Row],[Weight]] * 1000)) | E17: =IF(((TableData[[#This Row],[Cd]] - Sheet2!$O$14) * TableData[[#This Row],[Volume]] * TableData[[#This Row],[dF]] / (TableData[[#This Row],[Weight]]* 1000)) < 0, "0.00", (TableData[[#This Row],[Cd]] - Sheet2!$O$14) * TableData[[#This Row],[Volume]] * TableData[[#This Row],[dF]] / (TableData[[#This Row],[Weight]] * 1000)) | F17: =IF(((TableData[[#This Row],[As]] - Sheet2!$P$14) * TableData[[#This Row],[Volume]] * TableData[[#This Row],[dF]] / (TableData[[#This Row],[Weight]]* 1000)) < 0, "0.00", (TableData[[#This Row],[As]] - Sheet2!$P$14) * TableData[[#This Row],[Volume]] * TableData[[#This Row],[dF]] / (TableData[[#This Row],[Weight]] * 1000)) | G17: =IF(((TableData[[#This Row],[Hg]] - Sheet2!$Q$14) * TableData[[#This Row],[Volume]] * TableData[[#This Row],[dF]] / (TableData[[#This Row],[Weight]]* 1000)) < 0, "0.00", (TableData[[#This Row],[Hg]] - Sheet2!$Q$14) * TableData[[#This Row],[Volume]] * TableData[[#This Row],[dF]] / (TableData[[#This Row],[Weight]] * 1000))
B18: =TableData[[#This Row],[ID SAMPLE]] | C18: =IF(((TableData[[#This Row],[Al]] - Sheet2!$M$14) * TableData[[#This Row],[Volume]] * TableData[[#This Row],[dF]] / (TableData[[#This Row],[Weight]]* 1000)) < 0, "0.00", (TableData[[#This Row],[Al]] - Sheet2!$M$14) * TableData[[#This Row],[Volume]] * TableData[[#This Row],[dF]] / (TableData[[#This Row],[Weight]] * 1000)) | D18: =IF(((TableData[[#This Row],[Pb]] - Sheet2!$N$14) * TableData[[#This Row],[Volume]] * TableData[[#This Row],[dF]] / (TableData[[#This Row],[Weight]]* 1000)) < 0, "0.00", (TableData[[#This Row],[Pb]] - Sheet2!$N$14) * TableData[[#This Row],[Volume]] * TableData[[#This Row],[dF]] / (TableData[[#This Row],[Weight]] * 1000)) | E18: =IF(((TableData[[#This Row],[Cd]] - Sheet2!$O$14) * TableData[[#This Row],[Volume]] * TableData[[#This Row],[dF]] / (TableData[[#This Row],[Weight]]* 1000)) < 0, "0.00", (TableData[[#This Row],[Cd]] - Sheet2!$O$14) * TableData[[#This Row],[Volume]] * TableData[[#This Row],[dF]] / (TableData[[#This Row],[Weight]] * 1000)) | F18: =IF(((TableData[[#This Row],[As]] - Sheet2!$P$14) * TableData[[#This Row],[Volume]] * TableData[[#This Row],[dF]] / (TableData[[#This Row],[Weight]]* 1000)) < 0, "0.00", (TableData[[#This Row],[As]] - Sheet2!$P$14) * TableData[[#This Row],[Volume]] * TableData[[#This Row],[dF]] / (TableData[[#This Row],[Weight]] * 1000)) | G18: =IF(((TableData[[#This Row],[Hg]] - Sheet2!$Q$14) * TableData[[#This Row],[Volume]] * TableData[[#This Row],[dF]] / (TableData[[#This Row],[Weight]]* 1000)) < 0, "0.00", (TableData[[#This Row],[Hg]] - Sheet2!$Q$14) * TableData[[#This Row],[Volume]] * TableData[[#This Row],[dF]] / (TableData[[#This Row],[Weight]] * 1000))
B19: =TableData[[#This Row],[ID SAMPLE]] | C19: =IF(((TableData[[#This Row],[Al]] - Sheet2!$M$14) * TableData[[#This Row],[Volume]] * TableData[[#This Row],[dF]] / (TableData[[#This Row],[Weight]]* 1000)) < 0, "0.00", (TableData[[#This Row],[Al]] - Sheet2!$M$14) * TableData[[#This Row],[Volume]] * TableData[[#This Row],[dF]] / (TableData[[#This Row],[Weight]] * 1000)) | D19: =IF(((TableData[[#This Row],[Pb]] - Sheet2!$N$14) * TableData[[#This Row],[Volume]] * TableData[[#This Row],[dF]] / (TableData[[#This Row],[Weight]]* 1000)) < 0, "0.00", (TableData[[#This Row],[Pb]] - Sheet2!$N$14) * TableData[[#This Row],[Volume]] * TableData[[#This Row],[dF]] / (TableData[[#This Row],[Weight]] * 1000)) | E19: =IF(((TableData[[#This Row],[Cd]] - Sheet2!$O$14) * TableData[[#This Row],[Volume]] * TableData[[#This Row],[dF]] / (TableData[[#This Row],[Weight]]* 1000)) < 0, "0.00", (TableData[[#This Row],[Cd]] - Sheet2!$O$14) * TableData[[#This Row],[Volume]] * TableData[[#This Row],[dF]] / (TableData[[#This Row],[Weight]] * 1000)) | F19: =IF(((TableData[[#This Row],[As]] - Sheet2!$P$14) * TableData[[#This Row],[Volume]] * TableData[[#This Row],[dF]] / (TableData[[#This Row],[Weight]]* 1000)) < 0, "0.00", (TableData[[#This Row],[As]] - Sheet2!$P$14) * TableData[[#This Row],[Volume]] * TableData[[#This Row],[dF]] / (TableData[[#This Row],[Weight]] * 1000)) | G19: =IF(((TableData[[#This Row],[Hg]] - Sheet2!$Q$14) * TableData[[#This Row],[Volume]] * TableData[[#This Row],[dF]] / (TableData[[#This Row],[Weight]]* 1000)) < 0, "0.00", (TableData[[#This Row],[Hg]] - Sheet2!$Q$14) * TableData[[#This Row],[Volume]] * TableData[[#This Row],[dF]] / (TableData[[#This Row],[Weight]] * 1000))
B20: =TableData[[#This Row],[ID SAMPLE]] | C20: =IF(((TableData[[#This Row],[Al]] - Sheet2!$M$14) * TableData[[#This Row],[Volume]] * TableData[[#This Row],[dF]] / (TableData[[#This Row],[Weight]]* 1000)) < 0, "0.00", (TableData[[#This Row],[Al]] - Sheet2!$M$14) * TableData[[#This Row],[Volume]] * TableData[[#This Row],[dF]] / (TableData[[#This Row],[Weight]] * 1000)) | D20: =IF(((TableData[[#This Row],[Pb]] - Sheet2!$N$14) * TableData[[#This Row],[Volume]] * TableData[[#This Row],[dF]] / (TableData[[#This Row],[Weight]]* 1000)) < 0, "0.00", (TableData[[#This Row],[Pb]] - Sheet2!$N$14) * TableData[[#This Row],[Volume]] * TableData[[#This Row],[dF]] / (TableData[[#This Row],[Weight]] * 1000)) | E20: =IF(((TableData[[#This Row],[Cd]] - Sheet2!$O$14) * TableData[[#This Row],[Volume]] * TableData[[#This Row],[dF]] / (TableData[[#This Row],[Weight]]* 1000)) < 0, "0.00", (TableData[[#This Row],[Cd]] - Sheet2!$O$14) * TableData[[#This Row],[Volume]] * TableData[[#This Row],[dF]] / (TableData[[#This Row],[Weight]] * 1000)) | F20: =IF(((TableData[[#This Row],[As]] - Sheet2!$P$14) * TableData[[#This Row],[Volume]] * TableData[[#This Row],[dF]] / (TableData[[#This Row],[Weight]]* 1000)) < 0, "0.00", (TableData[[#This Row],[As]] - Sheet2!$P$14) * TableData[[#This Row],[Volume]] * TableData[[#This Row],[dF]] / (TableData[[#This Row],[Weight]] * 1000)) | G20: =IF(((TableData[[#This Row],[Hg]] - Sheet2!$Q$14) * TableData[[#This Row],[Volume]] * TableData[[#This Row],[dF]] / (TableData[[#This Row],[Weight]]* 1000)) < 0, "0.00", (TableData[[#This Row],[Hg]] - Sheet2!$Q$14) * TableData[[#This Row],[Volume]] * TableData[[#This Row],[dF]] / (TableData[[#This Row],[Weight]] * 1000))
B21: =TableData[[#This Row],[ID SAMPLE]] | C21: =IF(((TableData[[#This Row],[Al]] - Sheet2!$M$14) * TableData[[#This Row],[Volume]] * TableData[[#This Row],[dF]] / (TableData[[#This Row],[Weight]]* 1000)) < 0, "0.00", (TableData[[#This Row],[Al]] - Sheet2!$M$14) * TableData[[#This Row],[Volume]] * TableData[[#This Row],[dF]] / (TableData[[#This Row],[Weight]] * 1000)) | D21: =IF(((TableData[[#This Row],[Pb]] - Sheet2!$N$14) * TableData[[#This Row],[Volume]] * TableData[[#This Row],[dF]] / (TableData[[#This Row],[Weight]]* 1000)) < 0, "0.00", (TableData[[#This Row],[Pb]] - Sheet2!$N$14) * TableData[[#This Row],[Volume]] * TableData[[#This Row],[dF]] / (TableData[[#This Row],[Weight]] * 1000)) | E21: =IF(((TableData[[#This Row],[Cd]] - Sheet2!$O$14) * TableData[[#This Row],[Volume]] * TableData[[#This Row],[dF]] / (TableData[[#This Row],[Weight]]* 1000)) < 0, "0.00", (TableData[[#This Row],[Cd]] - Sheet2!$O$14) * TableData[[#This Row],[Volume]] * TableData[[#This Row],[dF]] / (TableData[[#This Row],[Weight]] * 1000)) | F21: =IF(((TableData[[#This Row],[As]] - Sheet2!$P$14) * TableData[[#This Row],[Volume]] * TableData[[#This Row],[dF]] / (TableData[[#This Row],[Weight]]* 1000)) < 0, "0.00", (TableData[[#This Row],[As]] - Sheet2!$P$14) * TableData[[#This Row],[Volume]] * TableData[[#This Row],[dF]] / (TableData[[#This Row],[Weight]] * 1000)) | G21: =IF(((TableData[[#This Row],[Hg]] - Sheet2!$Q$14) * TableData[[#This Row],[Volume]] * TableData[[#This Row],[dF]] / (TableData[[#This Row],[Weight]]* 1000)) < 0, "0.00", (TableData[[#This Row],[Hg]] - Sheet2!$Q$14) * TableData[[#This Row],[Volume]] * TableData[[#This Row],[dF]] / (TableData[[#This Row],[Weight]] * 1000))
B22: =TableData[[#This Row],[ID SAMPLE]] | C22: =IF(((TableData[[#This Row],[Al]] - Sheet2!$M$14) * TableData[[#This Row],[Volume]] * TableData[[#This Row],[dF]] / (TableData[[#This Row],[Weight]]* 1000)) < 0, "0.00", (TableData[[#This Row],[Al]] - Sheet2!$M$14) * TableData[[#This Row],[Volume]] * TableData[[#This Row],[dF]] / (TableData[[#This Row],[Weight]] * 1000)) | D22: =IF(((TableData[[#This Row],[Pb]] - Sheet2!$N$14) * TableData[[#This Row],[Volume]] * TableData[[#This Row],[dF]] / (TableData[[#This Row],[Weight]]* 1000)) < 0, "0.00", (TableData[[#This Row],[Pb]] - Sheet2!$N$14) * TableData[[#This Row],[Volume]] * TableData[[#This Row],[dF]] / (TableData[[#This Row],[Weight]] * 1000)) | E22: =IF(((TableData[[#This Row],[Cd]] - Sheet2!$O$14) * TableData[[#This Row],[Volume]] * TableData[[#This Row],[dF]] / (TableData[[#This Row],[Weight]]* 1000)) < 0, "0.00", (TableData[[#This Row],[Cd]] - Sheet2!$O$14) * TableData[[#This Row],[Volume]] * TableData[[#This Row],[dF]] / (TableData[[#This Row],[Weight]] * 1000)) | F22: =IF(((TableData[[#This Row],[As]] - Sheet2!$P$14) * TableData[[#This Row],[Volume]] * TableData[[#This Row],[dF]] / (TableData[[#This Row],[Weight]]* 1000)) < 0, "0.00", (TableData[[#This Row],[As]] - Sheet2!$P$14) * TableData[[#This Row],[Volume]] * TableData[[#This Row],[dF]] / (TableData[[#This Row],[Weight]] * 1000)) | G22: =IF(((TableData[[#This Row],[Hg]] - Sheet2!$Q$14) * TableData[[#This Row],[Volume]] * TableData[[#This Row],[dF]] / (TableData[[#This Row],[Weight]]* 1000)) < 0, "0.00", (TableData[[#This Row],[Hg]] - Sheet2!$Q$14) * TableData[[#This Row],[Volume]] * TableData[[#This Row],[dF]] / (TableData[[#This Row],[Weight]] * 1000))
B23: =TableData[[#This Row],[ID SAMPLE]] | C23: =IF(((TableData[[#This Row],[Al]] - Sheet2!$M$14) * TableData[[#This Row],[Volume]] * TableData[[#This Row],[dF]] / (TableData[[#This Row],[Weight]]* 1000)) < 0, "0.00", (TableData[[#This Row],[Al]] - Sheet2!$M$14) * TableData[[#This Row],[Volume]] * TableData[[#This Row],[dF]] / (TableData[[#This Row],[Weight]] * 1000)) | D23: =IF(((TableData[[#This Row],[Pb]] - Sheet2!$N$14) * TableData[[#This Row],[Volume]] * TableData[[#This Row],[dF]] / (TableData[[#This Row],[Weight]]* 1000)) < 0, "0.00", (TableData[[#This Row],[Pb]] - Sheet2!$N$14) * TableData[[#This Row],[Volume]] * TableData[[#This Row],[dF]] / (TableData[[#This Row],[Weight]] * 1000)) | E23: =IF(((TableData[[#This Row],[Cd]] - Sheet2!$O$14) * TableData[[#This Row],[Volume]] * TableData[[#This Row],[dF]] / (TableData[[#This Row],[Weight]]* 1000)) < 0, "0.00", (TableData[[#This Row],[Cd]] - Sheet2!$O$14) * TableData[[#This Row],[Volume]] * TableData[[#This Row],[dF]] / (TableData[[#This Row],[Weight]] * 1000)) | F23: =IF(((TableData[[#This Row],[As]] - Sheet2!$P$14) * TableData[[#This Row],[Volume]] * TableData[[#This Row],[dF]] / (TableData[[#This Row],[Weight]]* 1000)) < 0, "0.00", (TableData[[#This Row],[As]] - Sheet2!$P$14) * TableData[[#This Row],[Volume]] * TableData[[#This Row],[dF]] / (TableData[[#This Row],[Weight]] * 1000)) | G23: =IF(((TableData[[#This Row],[Hg]] - Sheet2!$Q$14) * TableData[[#This Row],[Volume]] * TableData[[#This Row],[dF]] / (TableData[[#This Row],[Weight]]* 1000)) < 0, "0.00", (TableData[[#This Row],[Hg]] - Sheet2!$Q$14) * TableData[[#This Row],[Volume]] * TableData[[#This Row],[dF]] / (TableData[[#This Row],[Weight]] * 1000))
B24: =TableData[[#This Row],[ID SAMPLE]] | C24: =IF(((TableData[[#This Row],[Al]] - Sheet2!$M$14) * TableData[[#This Row],[Volume]] * TableData[[#This Row],[dF]] / (TableData[[#This Row],[Weight]]* 1000)) < 0, "0.00", (TableData[[#This Row],[Al]] - Sheet2!$M$14) * TableData[[#This Row],[Volume]] * TableData[[#This Row],[dF]] / (TableData[[#This Row],[Weight]] * 1000)) | D24: =IF(((TableData[[#This Row],[Pb]] - Sheet2!$N$14) * TableData[[#This Row],[Volume]] * TableData[[#This Row],[dF]] / (TableData[[#This Row],[Weight]]* 1000)) < 0, "0.00", (TableData[[#This Row],[Pb]] - Sheet2!$N$14) * TableData[[#This Row],[Volume]] * TableData[[#This Row],[dF]] / (TableData[[#This Row],[Weight]] * 1000)) | E24: =IF(((TableData[[#This Row],[Cd]] - Sheet2!$O$14) * TableData[[#This Row],[Volume]] * TableData[[#This Row],[dF]] / (TableData[[#This Row],[Weight]]* 1000)) < 0, "0.00", (TableData[[#This Row],[Cd]] - Sheet2!$O$14) * TableData[[#This Row],[Volume]] * TableData[[#This Row],[dF]] / (TableData[[#This Row],[Weight]] * 1000)) | F24: =IF(((TableData[[#This Row],[As]] - Sheet2!$P$14) * TableData[[#This Row],[Volume]] * TableData[[#This Row],[dF]] / (TableData[[#This Row],[Weight]]* 1000)) < 0, "0.00", (TableData[[#This Row],[As]] - Sheet2!$P$14) * TableData[[#This Row],[Volume]] * TableData[[#This Row],[dF]] / (TableData[[#This Row],[Weight]] * 1000)) | G24: =IF(((TableData[[#This Row],[Hg]] - Sheet2!$Q$14) * TableData[[#This Row],[Volume]] * TableData[[#This Row],[dF]] / (TableData[[#This Row],[Weight]]* 1000)) < 0, "0.00", (TableData[[#This Row],[Hg]] - Sheet2!$Q$14) * TableData[[#This Row],[Volume]] * TableData[[#This Row],[dF]] / (TableData[[#This Row],[Weight]] * 1000))
B25: =TableData[[#This Row],[ID SAMPLE]] | C25: =IF(((TableData[[#This Row],[Al]] - Sheet2!$M$14) * TableData[[#This Row],[Volume]] * TableData[[#This Row],[dF]] / (TableData[[#This Row],[Weight]]* 1000)) < 0, "0.00", (TableData[[#This Row],[Al]] - Sheet2!$M$14) * TableData[[#This Row],[Volume]] * TableData[[#This Row],[dF]] / (TableData[[#This Row],[Weight]] * 1000)) | D25: =IF(((TableData[[#This Row],[Pb]] - Sheet2!$N$14) * TableData[[#This Row],[Volume]] * TableData[[#This Row],[dF]] / (TableData[[#This Row],[Weight]]* 1000)) < 0, "0.00", (TableData[[#This Row],[Pb]] - Sheet2!$N$14) * TableData[[#This Row],[Volume]] * TableData[[#This Row],[dF]] / (TableData[[#This Row],[Weight]] * 1000)) | E25: =IF(((TableData[[#This Row],[Cd]] - Sheet2!$O$14) * TableData[[#This Row],[Volume]] * TableData[[#This Row],[dF]] / (TableData[[#This Row],[Weight]]* 1000)) < 0, "0.00", (TableData[[#This Row],[Cd]] - Sheet2!$O$14) * TableData[[#This Row],[Volume]] * TableData[[#This Row],[dF]] / (TableData[[#This Row],[Weight]] * 1000)) | F25: =IF(((TableData[[#This Row],[As]] - Sheet2!$P$14) * TableData[[#This Row],[Volume]] * TableData[[#This Row],[dF]] / (TableData[[#This Row],[Weight]]* 1000)) < 0, "0.00", (TableData[[#This Row],[As]] - Sheet2!$P$14) * TableData[[#This Row],[Volume]] * TableData[[#This Row],[dF]] / (TableData[[#This Row],[Weight]] * 1000)) | G25: =IF(((TableData[[#This Row],[Hg]] - Sheet2!$Q$14) * TableData[[#This Row],[Volume]] * TableData[[#This Row],[dF]] / (TableData[[#This Row],[Weight]]* 1000)) < 0, "0.00", (TableData[[#This Row],[Hg]] - Sheet2!$Q$14) * TableData[[#This Row],[Volume]] * TableData[[#This Row],[dF]] / (TableData[[#This Row],[Weight]] * 1000))
B26: =TableData[[#This Row],[ID SAMPLE]] | C26: =IF(((TableData[[#This Row],[Al]] - Sheet2!$M$14) * TableData[[#This Row],[Volume]] * TableData[[#This Row],[dF]] / (TableData[[#This Row],[Weight]]* 1000)) < 0, "0.00", (TableData[[#This Row],[Al]] - Sheet2!$M$14) * TableData[[#This Row],[Volume]] * TableData[[#This Row],[dF]] / (TableData[[#This Row],[Weight]] * 1000)) | D26: =IF(((TableData[[#This Row],[Pb]] - Sheet2!$N$14) * TableData[[#This Row],[Volume]] * TableData[[#This Row],[dF]] / (TableData[[#This Row],[Weight]]* 1000)) < 0, "0.00", (TableData[[#This Row],[Pb]] - Sheet2!$N$14) * TableData[[#This Row],[Volume]] * TableData[[#This Row],[dF]] / (TableData[[#This Row],[Weight]] * 1000)) | E26: =IF(((TableData[[#This Row],[Cd]] - Sheet2!$O$14) * TableData[[#This Row],[Volume]] * TableData[[#This Row],[dF]] / (TableData[[#This Row],[Weight]]* 1000)) < 0, "0.00", (TableData[[#This Row],[Cd]] - Sheet2!$O$14) * TableData[[#This Row],[Volume]] * TableData[[#This Row],[dF]] / (TableData[[#This Row],[Weight]] * 1000)) | F26: =IF(((TableData[[#This Row],[As]] - Sheet2!$P$14) * TableData[[#This Row],[Volume]] * TableData[[#This Row],[dF]] / (TableData[[#This Row],[Weight]]* 1000)) < 0, "0.00", (TableData[[#This Row],[As]] - Sheet2!$P$14) * TableData[[#This Row],[Volume]] * TableData[[#This Row],[dF]] / (TableData[[#This Row],[Weight]] * 1000)) | G26: =IF(((TableData[[#This Row],[Hg]] - Sheet2!$Q$14) * TableData[[#This Row],[Volume]] * TableData[[#This Row],[dF]] / (TableData[[#This Row],[Weight]]* 1000)) < 0, "0.00", (TableData[[#This Row],[Hg]] - Sheet2!$Q$14) * TableData[[#This Row],[Volume]] * TableData[[#This Row],[dF]] / (TableData[[#This Row],[Weight]] * 1000))
B27: =TableData[[#This Row],[ID SAMPLE]] | C27: =IF(((TableData[[#This Row],[Al]] - Sheet2!$M$14) * TableData[[#This Row],[Volume]] * TableData[[#This Row],[dF]] / (TableData[[#This Row],[Weight]]* 1000)) < 0, "0.00", (TableData[[#This Row],[Al]] - Sheet2!$M$14) * TableData[[#This Row],[Volume]] * TableData[[#This Row],[dF]] / (TableData[[#This Row],[Weight]] * 1000)) | D27: =IF(((TableData[[#This Row],[Pb]] - Sheet2!$N$14) * TableData[[#This Row],[Volume]] * TableData[[#This Row],[dF]] / (TableData[[#This Row],[Weight]]* 1000)) < 0, "0.00", (TableData[[#This Row],[Pb]] - Sheet2!$N$14) * TableData[[#This Row],[Volume]] * TableData[[#This Row],[dF]] / (TableData[[#This Row],[Weight]] * 1000)) | E27: =IF(((TableData[[#This Row],[Cd]] - Sheet2!$O$14) * TableData[[#This Row],[Volume]] * TableData[[#This Row],[dF]] / (TableData[[#This Row],[Weight]]* 1000)) < 0, "0.00", (TableData[[#This Row],[Cd]] - Sheet2!$O$14) * TableData[[#This Row],[Volume]] * TableData[[#This Row],[dF]] / (TableData[[#This Row],[Weight]] * 1000)) | F27: =IF(((TableData[[#This Row],[As]] - Sheet2!$P$14) * TableData[[#This Row],[Volume]] * TableData[[#This Row],[dF]] / (TableData[[#This Row],[Weight]]* 1000)) < 0, "0.00", (TableData[[#This Row],[As]] - Sheet2!$P$14) * TableData[[#This Row],[Volume]] * TableData[[#This Row],[dF]] / (TableData[[#This Row],[Weight]] * 1000)) | G27: =IF(((TableData[[#This Row],[Hg]] - Sheet2!$Q$14) * TableData[[#This Row],[Volume]] * TableData[[#This Row],[dF]] / (TableData[[#This Row],[Weight]]* 1000)) < 0, "0.00", (TableData[[#This Row],[Hg]] - Sheet2!$Q$14) * TableData[[#This Row],[Volume]] * TableData[[#This Row],[dF]] / (TableData[[#This Row],[Weight]] * 1000))
... B41: =TableData[[#This Row],[ID SAMPLE]] | C41: =IF(((TableData[[#This Row],[Al]] - Sheet2!$M$14) * TableData[[#This Row],[Volume]] * TableData[[#This Row],[dF]] / (TableData[[#This Row],[Weight]]* 1000)) < 0, "0.00", (TableData[[#This Row],[Al]] - Sheet2!$M$14) * TableData[[#This Row],[Volume]] * TableData[[#This Row],[dF]] / (TableData[[#This Row],[Weight]] * 1000)) | D41: =IF(((TableData[[#This Row],[Pb]] - Sheet2!$N$14) * TableData[[#This Row],[Volume]] * TableData[[#This Row],[dF]] / (TableData[[#This Row],[Weight]]* 1000)) < 0, "0.00", (TableData[[#This Row],[Pb]] - Sheet2!$N$14) * TableData[[#This Row],[Volume]] * TableData[[#This Row],[dF]] / (TableData[[#This Row],[Weight]] * 1000)) | E41: =IF(((TableData[[#This Row],[Cd]] - Sheet2!$O$14) * TableData[[#This Row],[Volume]] * TableData[[#This Row],[dF]] / (TableData[[#This Row],[Weight]]* 1000)) < 0, "0.00", (TableData[[#This Row],[Cd]] - Sheet2!$O$14) * TableData[[#This Row],[Volume]] * TableData[[#This Row],[dF]] / (TableData[[#This Row],[Weight]] * 1000)) | F41: =IF(((TableData[[#This Row],[As]] - Sheet2!$P$14) * TableData[[#This Row],[Volume]] * TableData[[#This Row],[dF]] / (TableData[[#This Row],[Weight]]* 1000)) < 0, "0.00", (TableData[[#This Row],[As]] - Sheet2!$P$14) * TableData[[#This Row],[Volume]] * TableData[[#This Row],[dF]] / (TableData[[#This Row],[Weight]] * 1000)) | G41: =IF(((TableData[[#This Row],[Hg]] - Sheet2!$Q$14) * TableData[[#This Row],[Volume]] * TableData[[#This Row],[dF]] / (TableData[[#This Row],[Weight]]* 1000)) < 0, "0.00", (TableData[[#This Row],[Hg]] - Sheet2!$Q$14) * TableData[[#This Row],[Volume]] * TableData[[#This Row],[dF]] / (TableData[[#This Row],[Weight]] * 1000))

Sheet Sheet2
B3: Table Data | L3: Table Standard
B4: ID SAMPLE | C4: Al | D4: Pb | E4: Cd | F4: As | G4: Hg | H4: Weight | I4: Volume | J4: dF | L4: Standard | M4: Al | N4: Pb | O4: Cd | P4: As | Q4: Hg
C5: (ppb) | D5: (ppb) | E5: (ppb) | F5: (ppb) | G5: (ppb) | H5: (g) | I5: (mL) | J5: (mL) | L5: Blank Baku | M5: 33.558486 | N5: 1.4407028 | O5: 0.02313371 | P5: 1.1766088 | Q5: 1.0718177
B6: 4287 Simplo | C6: 37.153325 | D6: 1.1625151 | E6: 0.031546004 | F6: 0.056764552 | G6: 1.8649682 | H6: 0.2 | I6: 50 | J6: 1 | L6: BAKU 10 PPB | M6: 15.014545 | N6: 1.4829024 | O6: 0.98161038 | P6: 1.0475881 | Q6: 4.1506046
B7: 4287 Duplo | C7: 38.530938 | D7: 1.4984325 | E7: 0.053978987 | F7: 0.056764511 | G7: 1.7006685 | H7: 0.2 | I7: 50 | J7: 1 | L7: BAKU 50 PPB | M7: 56.57435 | N7: 5.3933349 | O7: 5.1582625 | P7: 5.1817414 | Q7: 2.3407943
B8: 4287 Spike | C8: 407.16809 | D8: 39.16571 | E8: 34.091202 | F8: 34.998759 | G8: 174.21464 | H8: 0.2 | I8: 50 | J8: 1 | L8: BAKU 100 PPB | M8: 113.71187 | N8: 10.226263 | O8: 10.328752 | P8: 10.581733 | Q8: 4.3826799
B9: 4254 | C9: 26.738582 | D9: 1.3185847 | E9: 0.031545998 | F9: 0.092887494 | G9: 0.87845205 | H9: 0.2 | I9: 50 | J9: 1 | L9: BAKU 300 PPB | M9: 331.913 | N9: 32.497194 | O9: 31.159123 | P9: 32.067703 | Q9: 8.8665702
B10: 4255 | C10: 44.276433 | D10: 1.0503688 | E10: 0.019628578 | F10: 0.087727008 | G10: 0.73644894 | H10: 0.2 | I10: 50 | J10: 1 | L10: BAKU 500 PPB | M10: 513.35756 | N10: 51.652848 | O10: 51.397536 | P10: 52.899512 | Q10: 14.711346
B11: 4256 | C11: 33.188913 | D11: 1.1233573 | E11: 0.011216306 | F11: 0.046443747 | G11: 0.74500035 | H11: 0.2 | I11: 50 | J11: 1 | L11: BAKU 700 PPB | M11: 700.19457 | N11: 70.229172 | O11: 69.445624 | P11: 70.464575 | Q11: 282.23674
B12: 4257 | C12: 153.45448 | D12: 1.2833961 | E12: 0.01051531 | F12: 0.030962415 | G12: 0.81343618 | H12: 0.2 | I12: 50 | J12: 1 | L12: BAKU 800 PPB | M12: 808.72603 | N12: 79.52628 | O12: 79.362462 | P12: 80.131864 | Q12: 23.280995
B13: 4258 | C13: 1120.1718 | D13: 1.2298197 | E13: 0.028040878 | F13: 0.06708544 | G13: 0.53628071 | H13: 0.2 | I13: 50 | J13: 1 | L13: BAKU 1000 PPB | M13: 1029.7972 | N13: 101.74642 | O13: 100.85241 | P13: 100.54352 | Q13: 31.761194
B14: 4259 | C14: 27.007355 | D14: 1.2911648 | E14: 0.02173165 | F14: 0.06192512 | G14: 0.64320614 | H14: 0.2 | I14: 50 | J14: 1 | L14: Blank Mars (Date) | M14: 12.260064 | N14: 1.1818191 | O14: 0.011216323 | P14: 0.051604025 | Q14: 0.50634281
B15: 4260 | C15: 37.254207 | D15: 2.545459 | E15: 0.009814275 | F15: 0.077406162 | G15: 1.1445175 | H15: 0.2 | I15: 50 | J15: 1 | L15: Blank Spike | M15: 407.16809 | N15: 39.16571 | O15: 34.091202 | P15: 34.998759 | Q15: 174.21464
B16: 4271 | C16: 36.91833 | D16: 1.3186589 | E16: 0.027339904 | F16: 0.02064161 | G16: 2.9450962 | H16: 0.2 | I16: 50 | J16: 1 | L16: CS 500 ppb | M16: 380.48308 | N16: 41.452923 | O16: 40.732822 | P16: 41.849727 | Q16: 208.94622
B17: 4272 | C17: 24.924449 | D17: 1.3711881 | E17: 0.0098142694 | F17: 0.046443747 | G17: 1.3712436 | H17: 0.2 | I17: 50 | J17: 1
B18: 4273 | C18: 31.777865 | D18: 1.5692348 | E18: 0.07290695 | F18: 0.02064161 | G18: 0.80060729 | H18: 0.2 | I18: 50 | J18: 1 | L18: Cek STD | M18: Conc. | N18: Unit | P18: Cek STD | Q18: Conc. | R18: Unit
B19: 4274 | C19: 34.230352 | D19: 1.3076376 | E19: 0.062391432 | F19: 0.046443623 | G19: 1.1898604 | H19: 0.2 | I19: 50 | J19: 1 | L19: Cek Std (CRM) | M19: 50 | N19: ug/L | P19: Cek Std (CRM) | Q19: 500 | R19: ug/L
B20: 4275 | C20: 31.308315 | D20: 1.1739636 | E20: 0.009113251 | F20: 0.082566523 | G20: 0.78862922 | H20: 0.2 | I20: 50 | J20: 1 | L20: Conc.spiked | M20: 50 | N20: ug/L | P20: Conc.spiked | Q20: 500 | R20: ug/L
B21: 4276 | C21: 62.219562 | D21: 1.2373526 | E21: 0.0098143031 | F21: 0.025802054 | G21: 0.84850955 | H21: 0.2 | I21: 50 | J21: 1 | L21: LOD | M21: 0 | N21: mg/L | P21: LOD | Q21: 0 | R21: mg/L
B22: 4289 | C22: 37.758206 | D22: 2.8754968 | E22: 0.014721471 | F22: 0.046443623 | G22: 1.0854848 | H22: 0.2 | I22: 50 | J22: 1 | L22: LOQ | M22: =$J$6*10 | N22: mg/L | P22: LOQ | Q22: =$J$6*10 | R22: mg/L
B23: 4290 | C23: 33.4577 | D23: 3.0864218 | E23: 0.023834807 | F23: 0.030962457 | G23: 0.98282321 | H23: 0.2 | I23: 50 | J23: 1
B24: 4291 | C24: 0.10076279 | D24: 0.5374172 | E24: 0 | F24: 0 | G24: 0.10006453 | H24: 0.2 | I24: 50 | J24: 1
B25: 4292 | C25: 0 | D25: 0.0091139347 | E25: 0.00070101844 | F25: 0 | G25: 0.1000646 | H25: 0.2 | I25: 50 | J25: 1
B26: 4293 | C26: 45.284247 | D26: 0.96513987 | E26: 0.011917342 | F26: 0.025802013 | G26: 0.79034359 | H26: 0.2 | I26: 50 | J26: 1
B27: 4291 | C27: 0 | D27: 0.027141652 | E27: 0.0021030553 | F27: 0 | G27: 0.06927523 | H27: 0.2 | I27: 50 | J27: 1
B28: 4292 | C28: 0 | D28: 0.0031727943 | E28: 0.00070101844 | F28: 0.0051604025 | G28: 0.064143656 | H28: 0.2 | I28: 50 | J28: 1
B29: 4293 | C29: 0 | D29: 0.0064149716 | E29: 0 | F29: 0 | G29: 0.0709858 | H29: 0.2 | I29: 50 | J29: 1
B30: 4294 | C30: 0.10076306 | D30: 0.010873022 | E30: 0 | F30: 0 | G30: 0.055591058 | H30: 0.2 | I30: 50 | J30: 1
B31: 4253 Simplo | C31: 0 | D31: 0.0031052749 | E31: 0 | F31: 0 | G31: 0.043617601 | H31: 0.2 | I31: 50 | J31: 1
B32: 4253 Duplo | C32: 0 | D32: 0.0082816144 | E32: 0.0014020369 | F32: 0.0051604025 | G32: 0.061577825 | H32: 0.2 | I32: 50 | J32: 1
B33: 4253 Spike | C33: 0.033587596 | D33: 0.0069986696 | E33: 0 | F33: 0 | G33: 0.076972478 | H33: 0.2 | I33: 50 | J33: 1
B34: 4246 | C34: 0 | D34: 0.0054230989 | E34: 0 | F34: 0.0051604025 | G34: 0.060722612 | H34: 0.2 | I34: 50 | J34: 1
... B41: 4277 | C41: 0 | D41: 0.16438864 | E41: 0 | F41: 0 | G41: 0.12743364 | H41: 0.2 | I41: 50 | J41: 1
